Workbook

Sheet JADWAL
E1: SENIN1 | F1: SENIN2 | G1: SENIN3 | H1: SENIN4 | I1: SENIN5 | K1: SENIN6 | L1: SENIN | M1: SENIN6 | N1: SENIN7 | O1: SENIN8 | P1: SENIN9 | Q1: SENIN8 | R1: SENIN | S1: SENIN10 | T1: SENIN11 | W1: SELASA0 | X1: SELASA1 | Y1: SELASA2 | Z1: SELASA3 | AA1: SELASA4 | AB1: SELASA | AC1: SELASA5 | AD1: SELASA6 | AE1: SELASA | AF1: SELASA7 | AG1: SELASA8 | AH1: SELASA9 | AI1: SELASA10 | AJ1: SELASA | AK1: SELASA11 | AL1: SELASA12 | AN1: RABU0 | AO1: RABU1 | AP1: RABU2 | AQ1: RABU3 | AR1: RABU4 | AS1: RABU | AT1: RABU5 | AU1: RABU6 | AV1: RABU | AW1: RABU7 | AX1: RABU8 | AY1: RABU9 | AZ1: RABU10 | BA1: RABU | BB1: RABU11 | BC1: RABU12 | BF1: KAMIS0 | BG1: KAMIS1 | BH1: KAMIS2 | BI1: KAMIS3 | BJ1: KAMIS4 | BK1: KAMIS | BL1: KAMIS5 | BM1: KAMIS6 | BN1: KAMIS | BO1: KAMIS7 | BP1: KAMIS8 | BQ1: KAMIS9 | BR1: KAMIS10 | BS1: KAMIS | BT1: KAMIS11 | BU1: KAMIS12 | BW1: JUM'AT0 | BX1: JUM'AT1 | BY1: JUM'AT2 | BZ1: JUM'AT3 | CA1: JUM'AT4 | CB1: JUM'AT5 | CC1: JUM'AT6 | CD1: JUM'AT | CE1: JUM'AT7 | CF1: JUM'AT8 | CG1: JUM'AT9 | CH1: JUM'AT10 | CI1: JUM'AT | CJ1: JUM'AT11 | CK1: JUM'AT12 | CL1: JUM'AT
A2: A | B2: B | C2: C | D2: D | E2: E | F2: F | G2: G | H2: H | I2: I | J2: J | K2: K | L2: L | M2: M | N2: N | O2: O | P2: P | Q2: Q | R2: R | S2: S | T2: T | V2: U | W2: V | X2: W | Y2: X | Z2: Y | AA2: Z | AB2: AA | AC2: AB | AD2: AC | AE2: AD | AF2: AE | AG2: AF | AH2: AG | AI2: AH | AJ2: AI | AK2: AJ | AL2: AK | AM2: AL | AN2: AM | AO2: AO | AP2: AP | AQ2: AQ | AR2: AR | AS2: AS | AT2: AT | AU2: AU | AV2: AV | AW2: AW | AX2: AX | AY2: AY | AZ2: AZ | BA2: BA | BB2: BB | BC2: BC | BD2: BD | BF2: BE | BG2: BF | BH2: BG | BI2: BH | BJ2: BI | BK2: BJ | BL2: BK | BM2: BL | BN2: BM | BO2: BN | BP2: BO | BQ2: BP | BR2: BQ | BS2: BR | BT2: BS | BU2: BT | BV2: BU | BW2: BV | BX2: BW | BY2: BX | BZ2: BY | CA2: BZ | CB2: CA | CC2: CB | CD2: CC | CE2: CD | CF2: CE | CG2: CF | CH2: CG | CI2: CH | CJ2: CI | CK2: CJ | CL2: CK
E3: SENIN | F3: SENIN | G3: SENIN | H3: SENIN | I3: SENIN | J3: SENIN | K3: SENIN | L3: SENIN | M3: SENIN | N3: SENIN | O3: SENIN | P3: SENIN | Q3: SENIN | R3: SENIN | S3: SENIN | V3: SELASA | W3: SELASA | X3: SELASA | Y3: SELASA | Z3: SELASA | AA3: SELASA | AB3: SELASA | AC3: SELASA | AD3: SELASA | AE3: SELASA | AF3: SELASA | AG3: SELASA | AH3: SELASA | AI3: SELASA | AJ3: SELASA | AK3: SELASA | AM3: RABU | AN3: RABU | AO3: RABU | AP3: RABU | AQ3: RABU | AR3: RABU | AS3: RABU | AT3: RABU | AU3: RABU | AV3: RABU | AW3: RABU | AX3: RABU | AY3: RABU | AZ3: RABU | BA3: RABU | BB3: RABU | BC3: RABU | BF3: KAMIS | BG3: KAMIS | BH3: KAMIS | BI3: KAMIS | BJ3: KAMIS | BK3: KAMIS | BL3: KAMIS | BM3: KAMIS | BN3: KAMIS | BO3: KAMIS | BP3: KAMIS | BQ3: KAMIS | BR3: KAMIS | BS3: KAMIS | BT3: KAMIS | BU3: KAMIS | BW3: JUM'AT | BX3: JUM'AT | BY3: JUM'AT | BZ3: JUM'AT | CA3: JUM'AT | CB3: JUM'AT | CC3: JUM'AT | CD3: JUM'AT | CE3: JUM'AT | CF3: JUM'AT | CG3: JUM'AT | CH3: JUM'AT | CI3: JUM'AT | CJ3: JUM'AT | CK3: JUM'AT
A4: No. | B4: KELAS | C4: JAM KE | E4: 1 | F4: 2 | G4: 3 | H4: 4 | I4: 5 | K4: 6 | L4: 7 | M4: 8 | N4: 9 | O4: 10 | P4: 11 | Q4: 12 | R4: 11 | S4: 12 | U4: PEMBIASAAN | V4: 1 | W4: 2 | X4: 3 | Y4: 4 | Z4: 5 | AB4: 6 | AC4: 7 | AD4: 8 | AE4: 9 | AF4: 10 | AG4: 11 | AH4: 12 | AJ4: 13 | AK4: 14 | AM4: 1 | AN4: 2 | AO4: 3 | AP4: 4 | AQ4: 5 | AS4: 6 | AT4: 7 | AU4: 8 | AV4: 9 | AW4: 10 | AX4: 11 | AY4: 12 | BA4: 12 | BB4: 13 | BC4: 12 | BE4: PEMBIASAAN | BF4: 1 | BG4: 2 | BH4: 3 | BI4: 4 | BJ4: 5 | BL4: 6 | BM4: 7 | BN4: 8 | BO4: 9 | BP4: 10 | BQ4: 11 | BR4: 12 | BT4: 12 | BW4: 1 | BX4: 2 | BY4: 3 | BZ4: 4 | CA4: 5 | CB4: 6 | CC4: 7 | CE4: 8 | CF4: 9 | CG4: 10 | CH4: 11 | CJ4: 12
C5: WAKTU | E5: 06.30 - 07.15 | F5: 07.15 - 08.00 | G5: 08.00 - 08.45 | H5: 08.45 - 09.30 | I5: 09.30 - 10.15 | J5: 10.15 - 10.30 | K5: 10.30 - 11.15 | L5: 11.15 - 12.00 | M5: 12.00 - 12.45 | N5: 12.45 - 13.30 | O5: 13.30 - 14.15 | P5: 14.15 - 15.00 | Q5: 15.00 - 15.45 | R5: 16.00 - 16.45 | S5: 16.45 - 17.30 | U5: 06.30-06.45 | V5: 06.45 - 07.30 | W5: 07.30 - 08.15 | X5: 08.15 - 09.00 | Y5: 09.00 - 09.45 | Z5: 09.45 - 10.30 | AA5: 10.30 - 10.45 | AB5: 10.45 - 11.30 | AC5: 11.30 - 12.15 | AD5: 12.15 - 13.00 | AE5: 13.00 - 13.45 | AF5: 13.45 - 14.30 | AG5: 14.30 - 1515 | AH5: 15.15 - 16.00 | AI5: 16.00 - 16.45 | AJ5: 16.45 - 17.30 | AM5: 06.30 - 07.15 | AN5: 07.15 - 08.00 | AO5: 08.00 - 08.45 | AP5: 08.45 - 09.30 | AQ5: 09.30 - 10.15 | AR5: 10.15 - 10.30 | AS5: 10.30 - 11.15 | AT5: 11.15 - 12.00 | AU5: 12.00 - 12.45 | AV5: 12.45 - 13.30 | AW5: 13.30 - 14.15 | AX5: 14.15 - 15.00 | AY5: 15.00 - 15.45 | AZ5: 15.45 - 16.00 | BA5: 16.00 - 16.45 | BB5: 16.45 - 17.30 | BC5: 16.30 - 17.15 | BE5: 06.30-06.45 | BF5: 06.45 - 07.30 | BG5: 07.30 - 08.15 | BH5: 08.15 - 09.00 | BI5: 09.00 - 09.45 | BJ5: 09.45 - 10.30 | BK5: 10.30 - 10.45 | BL5: 10.45 - 11.30 | BM5: 11.30 - 12.15 | BN5: 12.15 - 13.00 | BO5: 13.00 - 13.45 | BP5: 13.45 - 14.30 | BQ5: 14.30 - 1515 | BR5: 15.15 - 16.00 | BS5: 16.00 - 16.45 | BT5: 16.45 - 17.30 | BW5: 06.30 - 07.15 | BX5: 07.15 - 08.00 | BY5: 08.00 - 08.45 | BZ5: 08.45 - 09.30 | CA5: 09.30 - 10.15 | CB5: 10.15-11.00 | CC5: 11.00 - 11.45 | CD5: 11.45 - 13.00 | CE5: 13.00 - 13.45 | CF5: 13.45 - 14.30 | CG5: 14.30 - 15.15 | CH5: 15.15 - 16.00 | CI5: 16.00 - 16.15 | CJ5: 16.15 - 17.00 | CN5: PABP | CO5: PPAN | CP5: BIND | CQ5: PJOK | CR5: SJRH | CS5: SBDY | CT5: BSUN | CU5: MATH | CV5: BING | CW5: INFR | CX5: IPAS | CY5: DPK | CZ5: KIMIA | DE5: TUGAS MANDIRI | DG5: BPBK
B6: X KA 1 | C6: MAPEL | D6: 6 | E6: UPACARA/ | F6: DPK | G6: DPK | H6: DPK | I6: DPK | K6: DPK | L6: DPK | M6: ISTIRAHAT | N6: DPK | O6: DPK | P6: DPK | Q6: DPK | U6: TADARUS & | V6: PJOK | W6: PJOK | X6: BSUN | Y6: BSUN | Z6: PABP | AB6: PABP | AC6: PABP | AD6: ISTIRAHAT | AE6: BPBK | AF6: BING | AG6: BING | AH6: TUGAS MANDIRI | AM6: SHOLAT | AN6: KIMIA | AO6: KIMIA | AP6: IPAS | AQ6: IPAS | AS6: MATH | AT6: MATH | AU6: ISTIRAHAT | AV6: BIND | AW6: BIND | AX6: SJRH | AY6: SJRH | BE6: TADARUS & | BF6: BING | BG6: BING | BH6: SBDY | BI6: SBDY | BJ6: INFR | BL6: INFR | BM6: PPAN | BN6: ISTIRAHAT | BO6: PPAN | BP6: TUGAS MANDIRI | BQ6: TUGAS MANDIRI | BR6: TUGAS MANDIRI | BW6: SENAM & | BX6: DPK | BY6: DPK | BZ6: MATH | CA6: MATH | CB6: IPAS | CC6: IPAS | CD6: ISTIRAHAT | CE6: INFR | CF6: INFR | CG6: BIND | CH6: BIND | CN6: =COUNTIF($F$6:$CK$6,CN5) -> 3 | CO6: =COUNTIF($F$6:$CK$6,CO5) -> 2 | CP6: =COUNTIF($F$6:$CK$6,CP5) -> 4 | CQ6: =COUNTIF($F$6:$CK$6,CQ5) -> 2 | CR6: =COUNTIF($F$6:$CK$6,CR5) -> 2 | CS6: =COUNTIF($F$6:$CK$6,CS5) -> 2 | CT6: =COUNTIF($F$6:$CK$6,CT5) -> 2 | CU6: =COUNTIF($F$6:$CK$6,CU5) -> 4 | ... DG6: =COUNTIF($F$6:$CK$6,DG5) -> 1 | DH6: =SUM(CN6:DG6) -> 52
C7: RUANG | D7: 7 | E7: PERWALIAN | F7: R.DPK | G7: R.DPK | H7: R.DPK | I7: R.DPK | J7: I | K7: R.DPK | L7: R.DPK | M7: DZUHUR | N7: R.DPK | O7: R.DPK | P7: R.DPK | Q7: R.DPK | U7: SARAPAN | V7: LAP | W7: LAP | X7: R.44 | Y7: R.44 | Z7: R.44 | AA7: I | AB7: R.44 | AC7: R.44 | AD7: DZUHUR | AE7: R.44 | AF7: R.44 | AG7: R.44 | AM7: DHUHA & | AN7: R.44 | AO7: R.44 | AP7: R.44 | AQ7: R.44 | AR7: I | AS7: R.44 | AT7: R.44 | AU7: DZUHUR | AV7: R.44 | AW7: R.44 | AX7: R.44 | AY7: R.44 | BE7: LITERASI | BF7: R.44 | BG7: R.44 | BH7: R.44 | BI7: R.44 | BJ7: R.34 | BK7: I | BL7: R.34 | BM7: R.44 | BN7: DZUHUR | BO7: R.44 | BW7: JUMAT BERSIH | BX7: R.44 | BY7: R.44 | BZ7: R.44 | CA7: R.44 | CB7: R.44 | CC7: R.44 | CD7: DZUHUR | CE7: R.34 | CF7: R.34 | CG7: R.44 | CH7: R.44 | CI7: I
C8: GURU | D8: 8 | F8: ULI | G8: ULI | H8: ULI | I8: ULI | K8: ULI | L8: ULI | M8: MESJID | N8: ULI | O8: ULI | P8: ULI | Q8: ULI | U8: BERGIZI | V8: YENI | W8: YENI | X8: RANI | Y8: RANI | Z8: SAMSU | AB8: SAMSU | AC8: SAMSU | AD8: MESJID | AE8: HALIDA | AF8: UJANG | AG8: UJANG | AH8: DI KELAS | AM8: TADARUS | AN8: TESSA | AO8: TESSA | AP8: OMAN | AQ8: OMAN | AS8: NADIA | AT8: NADIA | AU8: MESJID | AV8: MELI | AW8: MELI | AX8: APRIL | AY8: APRIL | BE8: DI KELAS | BF8: UJANG | BG8: UJANG | BH8: ADIW | BI8: ADIW | BJ8: SABILA | BL8: SABILA | BM8: SUKMA | BN8: MESJID | BO8: SUKMA | BP8: DI KELAS | BQ8: DI KELAS | BR8: DI KELAS | BX8: ULI | BY8: ULI | BZ8: NADIA | CA8: NADIA | CB8: OMAN | CC8: OMAN | CD8: MESJID | CE8: SABILA | CF8: SABILA | CG8: MELI | CH8: MELI
D9: 9 | H9: SUGI | I9: SUGI | K9: SUGI | L9: SUGI | N9: SUGI | O9: SUGI | P9: SUGI | Q9: SUGI | U9: DI KELAS | AM9: DI LAPANG
D10: 10 | J10: S | AA10: S | AR10: S | BK10: S | CI10: S
B11: X KA 2 | C11: MAPEL | D11: 11 | E11: UPACARA/ | F11: PABP | G11: PABP | H11: PABP | I11: KIMIA | K11: KIMIA | L11: BPBK | M11: ISTIRAHAT | N11: MATH | O11: MATH | P11: PPAN | Q11: PPAN | U11: TADARUS & | V11: DPK | W11: DPK | X11: DPK | Y11: DPK | Z11: DPK | AB11: DPK | AC11: DPK | AD11: ISTIRAHAT | AE11: DPK | AF11: DPK | AG11: DPK | AH11: TUGAS MANDIRI | AM11: SHOLAT | AN11: BSUN | AO11: BSUN | AP11: INFR | AQ11: INFR | AS11: SJRH | AT11: SJRH | AU11: ISTIRAHAT | AV11: IPAS | AW11: IPAS | AX11: BIND | AY11: BIND | BE11: TADARUS & | BF11: PJOK | BG11: PJOK | BH11: BING | BI11: BING | BJ11: SBDY | BL11: SBDY | BM11: INFR | BN11: ISTIRAHAT | BO11: INFR | BP11: TUGAS MANDIRI | BQ11: TUGAS MANDIRI | BR11: TUGAS MANDIRI | BW11: SENAM & | BX11: BING | BY11: BING | BZ11: DPK | CA11: DPK | CB11: MATH | CC11: MATH | CD11: ISTIRAHAT | CE11: BIND | CF11: BIND | CG11: IPAS | CH11: IPAS | CN11: =COUNTIF($F$11:$CJ$11,CN5) -> 3 | CO11: =COUNTIF($F$11:$CJ$11,CO5) -> 2 | CP11: =COUNTIF($F$11:$CJ$11,CP5) -> 4 | CQ11: =COUNTIF($F$11:$CJ$11,CQ5) -> 2 | CR11: =COUNTIF($F$11:$CJ$11,CR5) -> 2 | CS11: =COUNTIF($F$11:$CJ$11,CS5) -> 2 | CT11: =COUNTIF($F$11:$CJ$11,CT5) -> 2 | CU11: =COUNTIF($F$11:$CJ$11,CU5) -> 4 | ... DG11: =COUNTIF($F$11:$CJ$11,DG5) -> 1 | DH11: =SUM(CN11:DG11) -> 52
C12: RUANG | D12: 12 | E12: PERWALIAN | F12: R.45 | G12: R.45 | H12: R.45 | I12: R.45 | K12: R.45 | L12: R.45 | M12: DZUHUR | N12: R.45 | O12: R.45 | P12: R.45 | Q12: R.45 | U12: SARAPAN | V12: R.DPK | W12: R.DPK | X12: R.DPK | Y12: R.DPK | Z12: R.DPK | AB12: R.DPK | AC12: R.DPK | AD12: DZUHUR | AE12: R.DPK | AF12: R.DPK | AG12: R.DPK | AM12: DHUHA & | AN12: R.45 | AO12: R.45 | AP12: R.34 | AQ12: R.34 | AS12: R.45 | AT12: R.45 | AU12: DZUHUR | AV12: R.45 | AW12: R.45 | AX12: R.45 | AY12: R.45 | BE12: LITERASI | BF12: LAP | BG12: LAP | BH12: R.45 | BI12: R.45 | BJ12: R.45 | BL12: R.45 | BM12: R.34 | BN12: DZUHUR | BO12: R.34 | BW12: JUMAT BERSIH | BX12: R.45 | BY12: R.45 | BZ12: R.45 | CA12: R.45 | CB12: R.45 | CC12: R.45 | CD12: DZUHUR | CE12: R.45 | CF12: R.45 | CG12: R.45 | CH12: R.45
C13: GURU | D13: 13 | F13: SAMSU | G13: SAMSU | H13: SAMSU | I13: TESSA | J13: T | K13: TESSA | L13: HALIDA | M13: MESJID | N13: NADIA | O13: NADIA | P13: SUKMA | Q13: SUKMA | U13: BERGIZI | V13: ULI | W13: ULI | X13: ULI | Y13: ULI | Z13: ULI | AA13: T | AB13: ULI | AC13: ULI | AD13: MESJID | AE13: ULI | AF13: ULI | AG13: ULI | AH13: DI KELAS | AM13: TADARUS | AN13: RANI | AO13: RANI | AP13: SABILA | AQ13: SABILA | AR13: T | AS13: APRIL | AT13: APRIL | AU13: MESJID | AV13: OMAN | AW13: OMAN | AX13: MELI | AY13: MELI | BE13: DI KELAS | BF13: YENI | BG13: YENI | BH13: UJANG | BI13: UJANG | BJ13: ADIW | BK13: T | BL13: ADIW | BM13: SABILA | BN13: MESJID | BO13: SABILA | BP13: DI KELAS | BQ13: DI KELAS | BR13: DI KELAS | BX13: UJANG | BY13: UJANG | BZ13: ULI | CA13: ULI | CB13: NADIA | CC13: NADIA | CD13: MESJID | CE13: MELI | CF13: MELI | CG13: OMAN | CH13: OMAN | CI13: T
D14: 14 | U14: DI KELAS | X14: TESSA | Y14: TESSA | Z14: TESSA | AB14: TESSA | AC14: TESSA | AE14: TESSA | AF14: TESSA | AG14: TESSA | AM14: DI LAPANG
D15: 15
B16: X KA 3 | C16: MAPEL | D16: 16 | E16: UPACARA/ | F16: KIMIA | G16: KIMIA | H16: IPAS | I16: IPAS | J16: I | K16: INFR | L16: INFR | M16: ISTIRAHAT | N16: BIND | O16: BIND | P16: BING | Q16: BING | U16: TADARUS & | V16: MATH | W16: MATH | X16: PPAN | Y16: PPAN | Z16: DPK | AA16: I | AB16: DPK | AC16: PJOK | AD16: PJOK | AE16: ISTIRAHAT | AF16: BIND | AG16: BIND | AH16: TUGAS MANDIRI | AM16: SHOLAT | AN16: DPK | AO16: DPK | AP16: DPK | AQ16: DPK | AR16: I | AS16: DPK | AT16: DPK | AU16: ISTIRAHAT | AV16: DPK | AW16: DPK | AX16: DPK | AY16: DPK | BE16: TADARUS & | BF16: SJRH | BG16: SJRH | BH16: INFR | BI16: INFR | BJ16: BPBK | BK16: I | BL16: IPAS | BM16: IPAS | BN16: ISTIRAHAT | BO16: SBDY | BP16: SBDY | BQ16: TUGAS MANDIRI | BR16: TUGAS MANDIRI | BW16: SENAM & | BX16: BSUN | BY16: BSUN | BZ16: PABP | CA16: PABP | CB16: PABP | CC16: TUGAS MANDIRI | CD16: ISTIRAHAT | CE16: MATH | CF16: MATH | CG16: BING | CH16: BING | CI16: I | CN16: =COUNTIF($F$16:$CK$16,CN5) -> 3 | CO16: =COUNTIF($F$16:$CK$16,CO5) -> 2 | CP16: =COUNTIF($F$16:$CK$16,CP5) -> 4 | CQ16: =COUNTIF($F$16:$CK$16,CQ5) -> 2 | CR16: =COUNTIF($F$16:$CK$16,CR5) -> 2 | CS16: =COUNTIF($F$16:$CK$16,CS5) -> 2 | CT16: =COUNTIF($F$16:$CK$16,CT5) -> 2 | CU16: =COUNTIF($F$16:$CK$16,CU5) -> 4 | ... DG16: =COUNTIF($F$16:$CK$16,DG5) -> 1 | DH16: =SUM(CN16:DG16) -> 52
C17: RUANG | D17: 17 | E17: PERWALIAN | F17: R.46 | G17: R.46 | H17: R.46 | I17: R.46 | K17: R.46 | L17: R.46 | M17: DZUHUR | N17: R.46 | O17: R.46 | P17: R.46 | Q17: R.46 | U17: SARAPAN | V17: R.46 | W17: R.46 | X17: R.46 | Y17: R.46 | Z17: R.46 | AB17: R.46 | AC17: LAP | AD17: LAP | AE17: DZUHUR | AF17: R.45 | AG17: R.45 | AM17: DHUHA & | AN17: R.KUALI | AO17: R.KUALI | AP17: R.KUALI | AQ17: R.KUALI | AS17: R.KUALI | AT17: R.KUALI | AU17: DZUHUR | AV17: R.KUALI | AW17: R.KUALI | AX17: R.KUALI | AY17: R.KUALI | BE17: LITERASI | BF17: R.46 | BG17: R.46 | BH17: R.34 | BI17: R.34 | BJ17: R.46 | BL17: R.46 | BM17: R.46 | BN17: DZUHUR | BO17: R.46 | BP17: R.46 | BW17: JUMAT BERSIH | BX17: R.46 | BY17: R.46 | BZ17: R.46 | CA17: R.46 | CB17: R.46 | CD17: DZUHUR | CE17: R.46 | CF17: R.46 | CG17: R.46 | CH17: R.46
C18: GURU | D18: 18 | F18: TESSA | G18: TESSA | H18: OMAN | I18: OMAN | K18: SABILA | L18: SABILA | M18: MESJID | N18: MELI | O18: MELI | P18: UJANG | Q18: UJANG | U18: BERGIZI | V18: NADIA | W18: NADIA | X18: TUBAGUS | Y18: TUBAGUS | Z18: SUGI | AB18: SUGI | AC18: YENI | AD18: YENI | AE18: MESJID | AF18: MELI | AG18: MELI | AH18: DI KELAS | AM18: TADARUS | AN18: SUGI | AO18: SUGI | AP18: KIKI | AQ18: KIKI | AS18: KIKI | AT18: KIKI | AU18: MESJID | AV18: KIKI | AW18: KIKI | AX18: KIKI | AY18: KIKI | BE18: DI KELAS | BF18: APRIL | BG18: APRIL | BH18: SABILA | BI18: SABILA | BJ18: HALIDA | BL18: OMAN | BM18: OMAN | BN18: MESJID | BO18: ADIW | BP18: ADIW | BQ18: DI KELAS | BR18: DI KELAS | BX18: RANI | BY18: RANI | BZ18: SAMSU | CA18: SAMSU | CB18: SAMSU | CC18: DI KELAS | CD18: MESJID | CE18: NADIA | CF18: NADIA | CG18: UJANG | CH18: UJANG
D19: 19 | J19: R | U19: DI KELAS | AA19: R | AM19: DI LAPANG | AP19: SUGI | AQ19: SUGI | AR19: R | AS19: SUGI | AT19: SUGI | AV19: SUGI | AW19: SUGI | AX19: SUGI | AY19: SUGI | BK19: R | CI19: R
D20: 20
B21: X KA 4 | C21: MAPEL | D21: 21 | E21: UPACARA/ | F21: BIND | G21: BIND | H21: MATH | I21: MATH | K21: BSUN | L21: BSUN | M21: ISTIRAHAT | N21: KIMIA | O21: KIMIA | P21: IPAS | Q21: IPAS | U21: TADARUS & | V21: INFR | W21: INFR | X21: BIND | Y21: BIND | Z21: MATH | AB21: MATH | AC21: BPBK | AD21: ISTIRAHAT | AE21: PABP | AF21: PABP | AG21: PABP | AH21: TUGAS MANDIRI | AM21: SHOLAT | AN21: DPK | AO21: DPK | AP21: DPK | AQ21: DPK | AS21: DPK | AT21: DPK | AU21: ISTIRAHAT | AV21: DPK | AW21: DPK | AX21: DPK | AY21: DPK | BE21: TADARUS & | BF21: IPAS | BG21: IPAS | BH21: INFR | BI21: INFR | BJ21: BING | BL21: BING | BM21: SJRH | BN21: ISTIRAHAT | BO21: SJRH | BP21: PPAN | BQ21: PPAN | BR21: TUGAS MANDIRI | BW21: SENAM & | BX21: PJOK | BY21: PJOK | BZ21: BING | CA21: BING | CB21: DPK | CC21: DPK | CD21: ISTIRAHAT | CE21: SBDY | CF21: SBDY | CG21: TUGAS MANDIRI | CH21: TUGAS MANDIRI | CN21: =COUNTIF($F$21:$CK$21,CN5) -> 3 | CO21: =COUNTIF($F$21:$CK$21,CO5) -> 2 | CP21: =COUNTIF($F$21:$CK$21,CP5) -> 4 | CQ21: =COUNTIF($F$21:$CK$21,CQ5) -> 2 | CR21: =COUNTIF($F$21:$CK$21,CR5) -> 2 | CS21: =COUNTIF($F$21:$CK$21,CS5) -> 2 | CT21: =COUNTIF($F$21:$CK$21,CT5) -> 2 | CU21: =COUNTIF($F$21:$CK$21,CU5) -> 4 | ... DG21: =COUNTIF($F$21:$CK$21,DG5) -> 1 | DH21: =SUM(CN21:DG21) -> 52
C22: RUANG | D22: 22 | E22: PERWALIAN | F22: R.47 | G22: R.47 | H22: R.47 | I22: R.47 | J22: A | K22: R.47 | L22: R.47 | M22: DZUHUR | N22: R.47 | O22: R.47 | P22: R.47 | Q22: R.47 | U22: SARAPAN | V22: R.34 | W22: R.34 | X22: R.47 | Y22: R.47 | Z22: R.47 | AA22: A | AB22: R.47 | AC22: R.47 | AD22: DZUHUR | AE22: R.47 | AF22: R.47 | AG22: R.47 | AM22: DHUHA & | AN22: R.DPK | AO22: R.DPK | AP22: R.DPK | AQ22: R.DPK | AR22: A | AS22: R.DPK | AT22: R.DPK | AU22: DZUHUR | AV22: R.DPK | AW22: R.DPK | AX22: R.DPK | AY22: R.DPK | BE22: LITERASI | BF22: R.47 | BG22: R.47 | BH22: R.47 | BI22: R.47 | BJ22: R.47 | BK22: A | BL22: R.47 | BM22: R.47 | BN22: DZUHUR | BO22: R.47 | BP22: R.47 | BQ22: R.47 | BW22: JUMAT BERSIH | BX22: LAP | BY22: LAP | BZ22: R.47 | CA22: R.47 | CB22: R.47 | CC22: R.47 | CD22: DZUHUR | CE22: R.47 | CF22: R.47 | CI22: A
C23: GURU | D23: 23 | F23: MELI | G23: MELI | H23: NADIA | I23: NADIA | K23: RANI | L23: RANI | M23: MESJID | N23: TESSA | O23: TESSA | P23: OMAN | Q23: OMAN | U23: BERGIZI | V23: ERMA | W23: ERMA | X23: MELI | Y23: MELI | Z23: NADIA | AB23: NADIA | AC23: HALIDA | AD23: MESJID | AE23: SAMSU | AF23: SAMSU | AG23: SAMSU | AH23: DI KELAS | AM23: TADARUS | AN23: ULI | AO23: ULI | AP23: TITA | AQ23: TITA | AS23: TITA | AT23: TITA | AU23: MESJID | AV23: TITA | AW23: TITA | AX23: TITA | AY23: TITA | BE23: DI KELAS | BF23: OMAN | BG23: OMAN | BH23: ERMA | BI23: ERMA | BJ23: UJANG | BL23: UJANG | BM23: APRIL | BN23: MESJID | BO23: APRIL | BP23: SUKMA | BQ23: SUKMA | BR23: DI KELAS | BX23: YENI | BY23: YENI | BZ23: UJANG | CA23: UJANG | CB23: ULI | CC23: ULI | CD23: MESJID | CE23: ADIW | CF23: ADIW | CG23: DI KELAS | CH23: DI KELAS
D24: 24 | U24: DI KELAS | AM24: DI LAPANG | AP24: TESSA | AQ24: TESSA | AS24: TESSA | AT24: TESSA | AV24: TESSA | AW24: TESSA | AX24: TESSA | AY24: TESSA
D25: 25 | J25: H | AA25: H | AR25: H | BK25: H | CI25: H
B26: X KA 5 | C26: MAPEL | D26: 26 | E26: UPACARA/ | F26: MATH | G26: MATH | H26: BING | I26: BING | K26: INFR | L26: INFR | M26: ISTIRAHAT | N26: PPAN | O26: PPAN | P26: SJRH | Q26: SJRH | U26: TADARUS & | V26: DPK | W26: DPK | X26: INFR | Y26: INFR | Z26: BING | AB26: BING | AC26: BSUN | AD26: BSUN | AE26: ISTIRAHAT | AF26: TUGAS MANDIRI | AG26: TUGAS MANDIRI | AH26: TUGAS MANDIRI | AM26: SHOLAT | AN26: BIND | AO26: BIND | AP26: BPBK | AQ26: PABP | AS26: PABP | AT26: PABP | AU26: ISTIRAHAT | AV26: MATH | AW26: MATH | AX26: IPAS | AY26: IPAS | BE26: TADARUS & | BF26: DPK | BG26: DPK | BH26: DPK | BI26: DPK | BJ26: DPK | BL26: DPK | BM26: DPK | BN26: ISTIRAHAT | BO26: DPK | BP26: DPK | BQ26: DPK | BR26: TUGAS MANDIRI | BW26: SENAM & | BX26: SBDY | BY26: SBDY | BZ26: IPAS | CA26: IPAS | CB26: BIND | CC26: BIND | CD26: ISTIRAHAT | CE26: KIMIA | CF26: KIMIA | CG26: PJOK | CH26: PJOK | CN26: =COUNTIF($F$26:$CK$26,CN5) -> 3 | CO26: =COUNTIF($F$26:$CK$26,CO5) -> 2 | CP26: =COUNTIF($F$26:$CK$26,CP5) -> 4 | CQ26: =COUNTIF($F$26:$CK$26,CQ5) -> 2 | CR26: =COUNTIF($F$26:$CK$26,CR5) -> 2 | CS26: =COUNTIF($F$26:$CK$26,CS5) -> 2 | CT26: =COUNTIF($F$26:$CK$26,CT5) -> 2 | CU26: =COUNTIF($F$26:$CK$26,CU5) -> 4 | ... DG26: =COUNTIF($F$26:$CK$26,DG5) -> 1 | DH26: =SUM(CN26:DG26) -> 52
C27: RUANG | D27: 27 | E27: PERWALIAN | F27: R.48 | G27: R.48 | H27: R.48 | I27: R.48 | K27: R.34 | L27: R.34 | M27: DZUHUR | N27: R.48 | O27: R.48 | P27: R.48 | Q27: R.48 | U27: SARAPAN | V27: R.48 | W27: R.48 | X27: R.48 | Y27: R.48 | Z27: R.48 | AB27: R.48 | AC27: R.48 | AD27: R.48 | AE27: DZUHUR | AM27: DHUHA & | AN27: R.48 | AO27: R.48 | AP27: R.48 | AQ27: R.48 | AS27: R.48 | AT27: R.48 | AU27: DZUHUR | AV27: R.48 | AW27: R.48 | AX27: R.48 | AY27: R.48 | BE27: LITERASI | BF27: R.DPK | BG27: R.DPK | BH27: R.DPK | BI27: R.DPK | BJ27: R.DPK | BL27: R.DPK | BM27: R.DPK | BN27: DZUHUR | BO27: R.DPK | BP27: R.DPK | BQ27: R.DPK | BW27: JUMAT BERSIH | BX27: R.48 | BY27: R.48 | BZ27: R.48 | CA27: R.48 | CB27: R.48 | CC27: R.48 | CD27: DZUHUR | CE27: R.48 | CF27: R.48 | CG27: LAP | CH27: LAP
C28: GURU | D28: 28 | F28: NADIA | G28: NADIA | H28: UJANG | I28: UJANG | J28: A | K28: ERMA | L28: ERMA | M28: MESJID | N28: SUKMA | O28: SUKMA | P28: APRIL | Q28: APRIL | U28: BERGIZI | V28: TITA | W28: TITA | X28: ERMA | Y28: ERMA | Z28: UJANG | AA28: A | AB28: UJANG | AC28: RANI | AD28: RANI | AE28: MESJID | AF28: DI KELAS | AG28: DI KELAS | AH28: DI KELAS | AM28: TADARUS | AN28: MELI | AO28: MELI | AP28: HALIDA | AQ28: SAMSU | AR28: A | AS28: SAMSU | AT28: SAMSU | AU28: MESJID | AV28: NADIA | AW28: NADIA | AX28: OMAN | AY28: OMAN | BE28: DI KELAS | BF28: TITA | BG28: TITA | BH28: TITA | BI28: TITA | BJ28: TITA | BK28: A | BL28: TITA | BM28: TITA | BN28: MESJID | BO28: TITA | BP28: TITA | BQ28: TITA | BR28: DI KELAS | BX28: ADIW | BY28: ADIW | BZ28: OMAN | CA28: OMAN | CB28: MELI | CC28: MELI | CD28: MESJID | CE28: FERTIKA | CF28: FERTIKA | CG28: YENI | CH28: YENI | CI28: A
D29: 29 | U29: DI KELAS | AM29: DI LAPANG | BH29: KIKI | BI29: KIKI | BJ29: KIKI | BL29: KIKI | BM29: KIKI | BO29: KIKI | BP29: KIKI | BQ29: KIKI
D30: 30
B31: X KA 6 | C31: MAPEL | D31: 31 | E31: UPACARA/ | F31: DPK | G31: DPK | H31: INFR | I31: INFR | J31: T | K31: IPAS | L31: IPAS | M31: ISTIRAHAT | N31: PABP | O31: PABP | P31: PABP | Q31: TUGAS MANDIRI | U31: TADARUS & | V31: BIND | W31: BIND | X31: BING | Y31: BING | Z31: BSUN | AA31: T | AB31: BSUN | AC31: MATH | AD31: MATH | AE31: ISTIRAHAT | AF31: PJOK | AG31: PJOK | AH31: TUGAS MANDIRI | AM31: SHOLAT | AN31: INFR | AO31: INFR | AP31: SBDY | AQ31: SBDY | AR31: T | AS31: BIND | AT31: BIND | AU31: ISTIRAHAT | AV31: SJRH | AW31: SJRH | AX31: MATH | AY31: MATH | BE31: TADARUS & | BF31: PPAN | BG31: PPAN | BH31: IPAS | BI31: IPAS | BJ31: KIMIA | BK31: T | BL31: KIMIA | BM31: BING | BN31: ISTIRAHAT | BO31: BING | BP31: BPBK | BQ31: TUGAS MANDIRI | BR31: TUGAS MANDIRI | BW31: SENAM & | BX31: DPK | BY31: DPK | BZ31: DPK | CA31: DPK | CB31: DPK | CC31: DPK | CD31: ISTIRAHAT | CE31: DPK | CF31: DPK | CG31: DPK | CH31: DPK | CI31: T | CN31: =COUNTIF($F$31:$CK$31,CN5) -> 3 | CO31: =COUNTIF($F$31:$CK$31,CO5) -> 2 | CP31: =COUNTIF($F$31:$CK$31,CP5) -> 4 | CQ31: =COUNTIF($F$31:$CK$31,CQ5) -> 2 | CR31: =COUNTIF($F$31:$CK$31,CR5) -> 2 | CS31: =COUNTIF($F$31:$CK$31,CS5) -> 2 | CT31: =COUNTIF($F$31:$CK$31,CT5) -> 2 | CU31: =COUNTIF($F$31:$CK$31,CU5) -> 4 | ... DG31: =COUNTIF($F$31:$CK$31,DG5) -> 1 | DH31: =SUM(CN31:DG31) -> 52
C32: RUANG | D32: 32 | E32: PERWALIAN | F32: R.30 | G32: R.30 | H32: R.30 | I32: R.30 | K32: R.30 | L32: R.30 | M32: DZUHUR | N32: R.30 | O32: R.30 | P32: R.30 | U32: SARAPAN | V32: R.30 | W32: R.30 | X32: R.30 | Y32: R.30 | Z32: R.30 | AB32: R.30 | AC32: R.30 | AD32: R.30 | AE32: DZUHUR | AF32: LAP | AG32: LAP | AM32: DHUHA & | AN32: R.34 | AO32: R.34 | AP32: R.30 | AQ32: R.30 | AS32: R.30 | AT32: R.30 | AU32: DZUHUR | AV32: R.30 | AW32: R.30 | AX32: R.30 | AY32: R.30 | BE32: LITERASI | BF32: R.30 | BG32: R.30 | BH32: R.30 | BI32: R.30 | BJ32: R.30 | BL32: R.30 | BM32: R.30 | BN32: DZUHUR | BO32: R.30 | BP32: R.30 | BW32: JUMAT BERSIH | BX32: R.DPK | BY32: R.DPK | BZ32: R.DPK | CA32: R.DPK | CB32: R.DPK | CC32: R.DPK | CD32: DZUHUR | CE32: R.DPK | CF32: R.DPK | CG32: R.DPK | CH32: R.DPK
C33: GURU | D33: 33 | F33: KIKI | G33: KIKI | H33: ERMA | I33: ERMA | K33: OMAN | L33: OMAN | M33: MESJID | N33: SAMSU | O33: SAMSU | P33: SAMSU | Q33: DI KELAS | U33: BERGIZI | V33: MELI | W33: MELI | X33: UJANG | Y33: UJANG | Z33: RANI | AB33: RANI | AC33: NADIA | AD33: NADIA | AE33: MESJID | AF33: YENI | AG33: YENI | AH33: DI KELAS | AM33: TADARUS | AN33: ERMA | AO33: ERMA | AP33: ADIW | AQ33: ADIW | AS33: MELI | AT33: MELI | AU33: MESJID | AV33: APRIL | AW33: APRIL | AX33: NADIA | AY33: NADIA | BE33: DI KELAS | BF33: SUKMA | BG33: SUKMA | BH33: OMAN | BI33: OMAN | BJ33: FERTIKA | BL33: FERTIKA | BM33: UJANG | BN33: MESJID | BO33: UJANG | BP33: HALIDA | BQ33: DI KELAS | BR33: DI KELAS | BX33: KIKI | BY33: KIKI | BZ33: KIKI | CA33: KIKI | CB33: KIKI | CC33: KIKI | CD33: MESJID | CE33: KIKI | CF33: KIKI | CG33: KIKI | CH33: KIKI
D34: 34 | U34: DI KELAS | AM34: DI LAPANG | BZ34: GINA | CA34: GINA | CB34: GINA | CC34: GINA | CE34: GINA | CF34: GINA | CG34: GINA | CH34: GINA
D35: 35
D36: 36 | CN36: PABP | CO36: PPAN | CP36: BIND | CQ36: PJOK | CR36: SJRH | CT36: BSUN | CU36: MATH | CV36: BING | CY36: ABO | CZ36: ABA | DA36: ATG | DB36: AKI | DC36: STA | DD36: PKK | DE36: TUGAS MANDIRI | DG36: BPBK
B37: XI KA 1 | C37: MAPEL | D37: 37 | E37: UPACARA/ | F37: BPBK | G37: ATG | H37: ATG | I37: ATG | K37: ATG | L37: ATG | M37: ISTIRAHAT | N37: ATG | O37: ATG | P37: ATG | Q37: ATG | U37: TADARUS & | V37: PKK | W37: PKK | X37: PPAN | Y37: PPAN | Z37: ABO | AB37: ABO | AC37: AKI | AD37: AKI | AE37: ISTIRAHAT | AF37: PJOK | AG37: PJOK | AH37: TUGAS MANDIRI | AM37: SHOLAT | AN37: BING | AO37: BING | AP37: ABA | AQ37: ABA | AS37: STA | AT37: STA | AU37: ISTIRAHAT | AV37: PABP | AW37: PABP | AX37: PABP | AY37: TUGAS MANDIRI | BE37: TADARUS & | BF37: BING | BG37: BING | BH37: AKI | BI37: AKI | BJ37: AKI | BL37: AKI | BM37: AKI | BN37: ISTIRAHAT | BO37: SJRH | BP37: SJRH | BQ37: TUGAS MANDIRI | BR37: TUGAS MANDIRI | BW37: SENAM & | BX37: BIND | BY37: BIND | BZ37: BIND | CA37: MATH | CB37: MATH | CC37: MATH | CD37: ISTIRAHAT | CE37: BSUN | CF37: BSUN | CG37: TUGAS MANDIRI | CH37: TUGAS MANDIRI | CN37: =COUNTIF($F$37:$CK$37,CN36) -> 3 | CO37: =COUNTIF($F$37:$CK$37,CO36) -> 2 | CP37: =COUNTIF($F$37:$CK$37,CP36) -> 3 | CQ37: =COUNTIF($F$37:$CK$37,CQ36) -> 2 | CR37: =COUNTIF($F$37:$CK$37,CR36) -> 2 | CS37: =COUNTIF($F$37:$CK$37,CS36) -> 0 | CT37: =COUNTIF($F$37:$CK$37,CT36) -> 2 | CU37: =COUNTIF($F$37:$CK$37,CU36) -> 3 | ... DG37: =COUNTIF($F$37:$CK$37,DG36) -> 1 | DH37: =SUM(CN37:DG37) -> 52
C38: RUANG | D38: 38 | E38: PERWALIAN | F38: R.ATG | G38: R.ATG | H38: R.ATG | I38: R.ATG | J38: I | K38: R.ATG | L38: R.ATG | M38: DZUHUR | N38: R.ATG | O38: R.ATG | P38: R.ATG | Q38: R.ATG | U38: SARAPAN | V38: R.61 | W38: R.61 | X38: R.61 | Y38: R.61 | Z38: R.61 | AA38: I | AB38: R.61 | AC38: R.61 | AD38: R.61 | AE38: DZUHUR | AF38: LAP | AG38: LAP | AM38: DHUHA & | AN38: R.61 | AO38: R.61 | AP38: R.61 | AQ38: R.61 | AR38: I | AS38: R.61 | AT38: R.61 | AU38: DZUHUR | AV38: R.61 | AW38: R.61 | AX38: R.61 | BE38: LITERASI | BF38: R.61 | BG38: R.61 | BH38: R.AKIXI | BI38: R.AKIXI | BJ38: R.AKIXI | BK38: I | BL38: R.AKIXI | BM38: R.AKIXI | BN38: DZUHUR | BO38: R.61 | BP38: R.61 | BW38: JUMAT BERSIH | BX38: R.61 | BY38: R.61 | BZ38: R.61 | CA38: R.61 | CB38: R.61 | CC38: R.61 | CD38: DZUHUR | CE38: R.61 | CF38: R.61 | CI38: I
C39: GURU | D39: 39 | F39: HAZAR | G39: ADE | H39: ADE | I39: ADE | K39: ADE | L39: ADE | M39: MESJID | N39: ADE | O39: ADE | P39: ADE | Q39: ADE | U39: BERGIZI | V39: TESSA | W39: TESSA | X39: ELA | Y39: ELA | Z39: RAHMI | AB39: RAHMI | AC39: IAH | AD39: IAH | AE39: MESJID | AF39: TAUFIK | AG39: TAUFIK | AH39: DI KELAS | AM39: TADARUS | AN39: SHENDY | AO39: SHENDY | AP39: ELA.N | AQ39: ELA.N | AS39: DENA | AT39: DENA | AU39: MESJID | AV39: RUHYA | AW39: RUHYA | AX39: RUHYA | AY39: DI KELAS | BE39: DI KELAS | BF39: SHENDY | BG39: SHENDY | BH39: IAH | BI39: IAH | BJ39: IAH | BL39: IAH | BM39: IAH | BN39: MESJID | BO39: SUDARMI | BP39: SUDARMI | BQ39: DI KELAS | BR39: DI KELAS | BX39: REGINA | BY39: REGINA | BZ39: REGINA | CA39: SARI | CB39: SARI | CC39: SARI | CD39: MESJID | CE39: RANI | CF39: RANI | CG39: DI KELAS | CH39: DI KELAS
D40: 40 | I40: ENDANG | K40: ENDANG | L40: ENDANG | N40: ENDANG | O40: ENDANG | P40: ENDANG | Q40: ENDANG | U40: DI KELAS | AM40: DI LAPANG | BH40: POPONG | BI40: POPONG | BJ40: POPONG | BL40: POPONG | BM40: POPONG
D41: 41 | I41: TITA | J41: S | K41: TITA | L41: TITA | N41: TITA | O41: TITA | P41: TITA | Q41: TITA | AA41: S | AR41: S | BK41: S | CI41: S
B42: XI KA 2 | C42: MAPEL | D42: 42 | E42: UPACARA/ | F42: ABA | G42: ABA | H42: BING | I42: BING | K42: ABO | L42: ABO | M42: ISTIRAHAT | N42: AKI | O42: AKI | P42: PJOK | Q42: PJOK | U42: TADARUS & | V42: BPBK | W42: ATG | X42: ATG | Y42: ATG | Z42: ATG | AB42: ATG | AC42: ATG | AD42: ISTIRAHAT | AE42: ATG | AF42: ATG | AG42: ATG | AH42: TUGAS MANDIRI | AM42: SHOLAT | AN42: PPAN | AO42: PPAN | AP42: BSUN | AQ42: BSUN | AS42: BING | AT42: BING | AU42: ISTIRAHAT | AV42: BIND | AW42: BIND | AX42: BIND | AY42: TUGAS MANDIRI | BE42: TADARUS & | BF42: SJRH | BG42: SJRH | BH42: PKK | BI42: PKK | BJ42: STA | BL42: STA | BM42: MATH | BN42: ISTIRAHAT | BO42: MATH | BP42: MATH | BQ42: TUGAS MANDIRI | BR42: TUGAS MANDIRI | BW42: SENAM & | BX42: AKI | BY42: AKI | BZ42: AKI | CA42: AKI | CB42: AKI | CC42: PABP | CD42: ISTIRAHAT | CE42: PABP | CF42: PABP | CG42: TUGAS MANDIRI | CH42: TUGAS MANDIRI | CN42: =COUNTIF($F$42:$CK$42,CN36) -> 3 | CO42: =COUNTIF($F$42:$CK$42,CO36) -> 2 | CP42: =COUNTIF($F$42:$CK$42,CP36) -> 3 | CQ42: =COUNTIF($F$42:$CK$42,CQ36) -> 2 | CR42: =COUNTIF($F$42:$CK$42,CR36) -> 2 | CS42: =COUNTIF($F$42:$CK$42,CS36) -> 0 | CT42: =COUNTIF($F$42:$CK$42,CT36) -> 2 | CU42: =COUNTIF($F$42:$CK$42,CU36) -> 3 | ... DG42: =COUNTIF($F$42:$CK$42,DG36) -> 1 | DH42: =SUM(CN42:DG42) -> 52
C43: RUANG | D43: 43 | E43: PERWALIAN | F43: R.62 | G43: R.62 | H43: R.62 | I43: R.62 | K43: R.62 | L43: R.62 | M43: DZUHUR | N43: R.62 | O43: R.62 | P43: LAP | Q43: LAP | U43: SARAPAN | V43: R.ATG | W43: R.ATG | X43: R.ATG | Y43: R.ATG | Z43: R.ATG | AB43: R.ATG | AC43: R.ATG | AD43: DZUHUR | AE43: R.ATG | AF43: R.ATG | AG43: R.ATG | AM43: DHUHA & | AN43: R.62 | AO43: R.62 | AP43: R.62 | AQ43: R.62 | AS43: R.62 | AT43: R.62 | AU43: DZUHUR | AV43: R.62 | AW43: R.62 | AX43: R.62 | BE43: LITERASI | BF43: R.62 | BG43: R.62 | BH43: R.62 | BI43: R.62 | BJ43: R.62 | BL43: R.62 | BM43: R.62 | BN43: DZUHUR | BO43: R.62 | BP43: R.62 | BW43: JUMAT BERSIH | BX43: R.AKIXI | BY43: R.AKIXI | BZ43: R.AKIXI | CA43: R.AKIXI | CB43: R.AKIXI | CC43: R.62 | CD43: DZUHUR | CE43: R.62 | CF43: R.62
C44: GURU | D44: 44 | F44: DINI | G44: DINI | H44: SHENDY | I44: SHENDY | J44: T | K44: RAHMI | L44: RAHMI | M44: MESJID | N44: IAH | O44: IAH | P44: TAUFIK | Q44: TAUFIK | U44: BERGIZI | V44: HAZAR | W44: OCTA | X44: OCTA | Y44: OCTA | Z44: OCTA | AA44: T | AB44: OCTA | AC44: OCTA | AD44: MESJID | AE44: OCTA | AF44: OCTA | AG44: OCTA | AH44: DI KELAS | AM44: TADARUS | AN44: ELA | AO44: ELA | AP44: RANI | AQ44: RANI | AR44: T | AS44: SHENDY | AT44: SHENDY | AU44: MESJID | AV44: REGINA | AW44: REGINA | AX44: REGINA | AY44: DI KELAS | BE44: DI KELAS | BF44: SUDARMI | BG44: SUDARMI | BH44: TESSA | BI44: TESSA | BJ44: DENA | BK44: T | BL44: DENA | BM44: SARI | BN44: MESJID | BO44: SARI | BP44: SARI | BQ44: DI KELAS | BR44: DI KELAS | BX44: RAHMI | BY44: RAHMI | BZ44: RAHMI | CA44: RAHMI | CB44: RAHMI | CC44: RUHYA | CD44: MESJID | CE44: RUHYA | CF44: RUHYA | CG44: DI KELAS | CH44: DI KELAS | CI44: T
D45: 45 | U45: DI KELAS | Y45: ELA.N | Z45: ELA.N | AB45: ELA.N | AC45: ELA.N | AE45: ELA.N | AF45: ELA.N | AG45: ELA.N | AM45: DI LAPANG | BX45: INA | BY45: INA | BZ45: INA | CA45: INA | CB45: INA
D46: 46 | Y46: CECEP | Z46: CECEP | AB46: CECEP | AC46: CECEP | AE46: CECEP | AF46: CECEP | AG46: CECEP
B47: XI KA 3 | C47: MAPEL | D47: 47 | E47: UPACARA/ | F47: AKI | G47: AKI | H47: AKI | I47: AKI | J47: I | K47: AKI | L47: AKI | M47: AKI | N47: ISTIRAHAT | O47: BIND | P47: BIND | Q47: BIND | U47: TADARUS & | V47: PABP | W47: PABP | X47: PABP | Y47: MATH | Z47: MATH | AA47: I | AB47: MATH | AC47: PPAN | AD47: PPAN | AE47: ISTIRAHAT | AF47: BSUN | AG47: BSUN | AH47: TUGAS MANDIRI | AM47: SHOLAT | AN47: ATG | AO47: ATG | AP47: ATG | AQ47: ATG | AR47: I | AS47: ATG | AT47: ATG | AU47: ISTIRAHAT | AV47: ATG | AW47: ATG | AX47: ATG | AY47: TUGAS MANDIRI | BE47: TADARUS & | BF47: ABA | BG47: ABA | BH47: ABO | BI47: ABO | BJ47: SJRH | BK47: I | BL47: SJRH | BM47: BPBK | BN47: ISTIRAHAT | BO47: PJOK | BP47: PJOK | BQ47: TUGAS MANDIRI | BR47: TUGAS MANDIRI | BW47: SENAM & | BX47: BING | BY47: BING | BZ47: BING | CA47: BING | CB47: STA | CC47: STA | CD47: ISTIRAHAT | CE47: PKK | CF47: PKK | CG47: TUGAS MANDIRI | CH47: TUGAS MANDIRI | CI47: I | CN47: =COUNTIF($F$47:$CK$47,CN36) -> 3 | CO47: =COUNTIF($F$47:$CK$47,CO36) -> 2 | CP47: =COUNTIF($F$47:$CK$47,CP36) -> 3 | CQ47: =COUNTIF($F$47:$CK$47,CQ36) -> 2 | CR47: =COUNTIF($F$47:$CK$47,CR36) -> 2 | CS47: =COUNTIF($F$47:$CK$47,CS36) -> 0 | CT47: =COUNTIF($F$47:$CK$47,CT36) -> 2 | CU47: =COUNTIF($F$47:$CK$47,CU36) -> 3 | ... DG47: =COUNTIF($F$47:$CK$47,DG36) -> 1 | DH47: =SUM(CN47:DG47) -> 52
C48: RUANG | D48: 48 | E48: PERWALIAN | F48: R.AKIXI | G48: R.AKIXI | H48: R.AKIXI | I48: R.AKIXI | K48: R.AKIXI | L48: R.AKIXI | M48: R.AKIXI | N48: DZUHUR | O48: R.63 | P48: R.63 | Q48: R.63 | U48: SARAPAN | V48: R.63 | W48: R.63 | X48: R.63 | Y48: R.63 | Z48: R.63 | AB48: R.63 | AC48: R.63 | AD48: R.63 | AE48: DZUHUR | AF48: R.63 | AG48: R.63 | AM48: DHUHA & | AN48: R.ATG | AO48: R.ATG | AP48: R.ATG | AQ48: R.ATG | AS48: R.ATG | AT48: R.ATG | AU48: DZUHUR | AV48: R.ATG | AW48: R.ATG | AX48: R.ATG | BE48: LITERASI | BF48: R.63 | BG48: R.63 | BH48: R.63 | BI48: R.63 | BJ48: R.63 | BL48: R.63 | BM48: R.63 | BN48: DZUHUR | BO48: LAP | BP48: LAP | BW48: JUMAT BERSIH | BX48: R.63 | BY48: R.63 | BZ48: R.63 | CA48: R.63 | CB48: R.63 | CC48: R.63 | CD48: DZUHUR | CE48: R.63 | CF48: R.63
C49: GURU | D49: 49 | F49: POPONG | G49: POPONG | H49: DINI | I49: DINI | K49: DINI | L49: DINI | M49: DINI | N49: MESJID | O49: REGINA | P49: REGINA | Q49: REGINA | U49: BERGIZI | V49: RUHYA | W49: RUHYA | X49: RUHYA | Y49: SARI | Z49: SARI | AB49: SARI | AC49: ELA | AD49: ELA | AE49: MESJID | AF49: RANI | AG49: RANI | AH49: DI KELAS | AM49: TADARUS | AN49: OCTA | AO49: OCTA | AP49: OCTA | AQ49: OCTA | AS49: OCTA | AT49: OCTA | AU49: MESJID | AV49: OCTA | AW49: OCTA | AX49: OCTA | AY49: DI KELAS | BE49: DI KELAS | BF49: ELA.N | BG49: ELA.N | BH49: MIMY | BI49: MIMY | BJ49: SUDARMI | BL49: SUDARMI | BM49: HAZAR | BN49: MESJID | BO49: TAUFIK | BP49: TAUFIK | BQ49: DI KELAS | BR49: DI KELAS | BX49: SHENDY | BY49: SHENDY | BZ49: SHENDY | CA49: SHENDY | CB49: DENA | CC49: DENA | CD49: MESJID | CE49: RAHMI | CF49: RAHMI
D50: 50 | H50: POPONG | I50: POPONG | J50: R | K50: POPONG | L50: POPONG | M50: POPONG | U50: DI KELAS | AA50: R | AM50: DI LAPANG | AP50: WINDY | AQ50: WINDY | AR50: R | AS50: WINDY | AT50: WINDY | AV50: WINDY | AW50: WINDY | AX50: WINDY | BK50: R | CG50: DI KELAS | CH50: DI KELAS | CI50: R
D51: 51 | AP51: INA | AQ51: INA | AS51: INA | AT51: INA | AV51: INA | AW51: INA | AX51: INA
B52: XI KA 4 | C52: MAPEL | D52: 52 | E52: UPACARA/ | F52: PJOK | G52: PJOK | H52: ABO | I52: ABO | K52: BIND | L52: BIND | M52: BIND | N52: ISTIRAHAT | O52: MATH | P52: MATH | Q52: MATH | U52: TADARUS & | V52: AKI | W52: AKI | X52: AKI | Y52: AKI | Z52: AKI | AB52: PABP | AC52: PABP | AD52: ISTIRAHAT | AE52: PABP | AF52: PKK | AG52: PKK | AH52: TUGAS MANDIRI | AM52: SHOLAT | AN52: BING | AO52: BING | AP52: PPAN | AQ52: PPAN | AS52: BSUN | AT52: BSUN | AU52: ISTIRAHAT | AV52: ABA | AW52: ABA | AX52: TUGAS MANDIRI | AY52: TUGAS MANDIRI | BE52: TADARUS & | BF52: AKI | BG52: AKI | BH52: SJRH | BI52: SJRH | BJ52: BING | BL52: BING | BM52: STA | BN52: STA | BO52: ISTIRAHAT | BP52: BPBK | BQ52: TUGAS MANDIRI | BR52: TUGAS MANDIRI | BW52: SENAM & | BX52: ATG | BY52: ATG | BZ52: ATG | CA52: ATG | CB52: ATG | CC52: ATG | CD52: ISTIRAHAT | CE52: ATG | CF52: ATG | CG52: ATG | CH52: TUGAS MANDIRI | CN52: =COUNTIF($F$52:$CK$52,CN36) -> 3 | CO52: =COUNTIF($F$52:$CK$52,CO36) -> 2 | CP52: =COUNTIF($F$52:$CK$52,CP36) -> 3 | CQ52: =COUNTIF($F$52:$CK$52,CQ36) -> 2 | CR52: =COUNTIF($F$52:$CK$52,CR36) -> 2 | CS52: =COUNTIF($F$52:$CK$52,CS36) -> 0 | CT52: =COUNTIF($F$52:$CK$52,CT36) -> 2 | CU52: =COUNTIF($F$52:$CK$52,CU36) -> 3 | ... DG52: =COUNTIF($F$52:$CK$52,DG36) -> 1 | DH52: =SUM(CN52:DG52) -> 52
C53: RUANG | D53: 53 | E53: PERWALIAN | F53: LAP | G53: LAP | H53: R.60 | I53: R.60 | J53: A | K53: R.60 | L53: R.60 | M53: R.60 | N53: DZUHUR | O53: R.60 | P53: R.60 | Q53: R.60 | U53: SARAPAN | V53: R.AKIXI | W53: R.AKIXI | X53: R.AKIXI | Y53: R.AKIXI | Z53: R.AKIXI | AA53: A | AB53: R.60 | AC53: R.60 | AD53: DZUHUR | AE53: R.60 | AF53: R.60 | AG53: R.60 | AM53: DHUHA & | AN53: R.60 | AO53: R.60 | AP53: R.60 | AQ53: R.60 | AR53: A | AS53: R.60 | AT53: R.60 | AU53: DZUHUR | AV53: R.60 | AW53: R.60 | BE53: LITERASI | BF53: R.60 | BG53: R.60 | BH53: R.60 | BI53: R.60 | BJ53: R.60 | BK53: A | BL53: R.60 | BM53: R.60 | BN53: R.60 | BO53: DZUHUR | BP53: R.60 | BW53: JUMAT BERSIH | BX53: R.ATG | BY53: R.ATG | BZ53: R.ATG | CA53: R.ATG | CB53: R.ATG | CC53: R.ATG | CD53: DZUHUR | CE53: R.ATG | CF53: R.ATG | CG53: R.ATG
C54: GURU | D54: 54 | F54: TAUFIK | G54: TAUFIK | H54: RAHMI | I54: RAHMI | K54: REGINA | L54: REGINA | M54: REGINA | N54: MESJID | O54: SARI | P54: SARI | Q54: SARI | U54: BERGIZI | V54: IAH | W54: IAH | X54: IAH | Y54: IAH | Z54: IAH | AB54: RUHYA | AC54: RUHYA | AD54: MESJID | AE54: RUHYA | AF54: RAHMI | AG54: RAHMI | AH54: DI KELAS | AM54: TADARUS | AN54: LIA | AO54: LIA | AP54: ELA | AQ54: ELA | AS54: RANI | AT54: RANI | AU54: MESJID | AV54: DINI | AW54: DINI | AX54: DI KELAS | AY54: DI KELAS | BE54: DI KELAS | BF54: IAH | BG54: IAH | BH54: SUDARMI | BI54: SUDARMI | BJ54: LIA | BL54: LIA | BM54: DENA | BN54: DENA | BO54: MESJID | BP54: HAZAR | BQ54: DI KELAS | BR54: DI KELAS | BX54: ADE | BY54: ADE | BZ54: ADE | CA54: ADE | CB54: ADE | CC54: ADE | CD54: MESJID | CE54: ADE | CF54: ADE | CG54: ADE | CH54: DI KELAS
D55: 55 | U55: DI KELAS | V55: POPONG | W55: POPONG | X55: POPONG | Y55: POPONG | Z55: POPONG | AM55: DI LAPANG | BZ55: ELA.N | CA55: ELA.N | CB55: ELA.N | CC55: ELA.N | CE55: ELA.N | CF55: ELA.N | CG55: ELA.N
D56: 56 | J56: H | AA56: H | AR56: H | BK56: H | BZ56: DINI | CA56: DINI | CB56: DINI | CC56: DINI | CE56: DINI | CF56: DINI | CG56: DINI | CI56: H
B57: XI KA 5 | C57: MAPEL | D57: 57 | E57: UPACARA/ | F57: BSUN | G57: BSUN | H57: ABO | I57: ABO | K57: BING | L57: BING | M57: ISTIRAHAT | N57: PJOK | O57: PJOK | P57: PPAN | Q57: PPAN | U57: TADARUS & | V57: PKK | W57: PKK | X57: ABA | Y57: ABA | Z57: BPBK | AB57: AKI | AC57: AKI | AD57: ISTIRAHAT | AE57: AKI | AF57: AKI | AG57: AKI | AH57: TUGAS MANDIRI | AM57: SHOLAT | AN57: AKI | AO57: AKI | AP57: BIND | AQ57: BIND | AS57: BIND | AT57: SJRH | AU57: SJRH | AV57: ISTIRAHAT | AW57: STA | AX57: STA | AY57: TUGAS MANDIRI | BE57: TADARUS & | BF57: ATG | BG57: ATG | BH57: ATG | BI57: ATG | BJ57: ATG | BL57: ATG | BM57: ATG | BN57: ISTIRAHAT | BO57: ATG | BP57: ATG | BQ57: TUGAS MANDIRI | BR57: TUGAS MANDIRI | BW57: SENAM & | BX57: BING | BY57: BING | BZ57: PABP | CA57: PABP | CB57: PABP | CC57: TUGAS MANDIRI | CD57: ISTIRAHAT | CE57: MATH | CF57: MATH | CG57: MATH | CH57: TUGAS MANDIRI | CN57: =COUNTIF($F$57:$CK$57,CN36) -> 3 | CO57: =COUNTIF($F$57:$CK$57,CO36) -> 2 | CP57: =COUNTIF($F$57:$CK$57,CP36) -> 3 | CQ57: =COUNTIF($F$57:$CK$57,CQ36) -> 2 | CR57: =COUNTIF($F$57:$CK$57,CR36) -> 2 | CS57: =COUNTIF($F$57:$CK$57,CS36) -> 0 | CT57: =COUNTIF($F$57:$CK$57,CT36) -> 2 | CU57: =COUNTIF($F$57:$CK$57,CU36) -> 3 | ... DG57: =COUNTIF($F$57:$CK$57,DG36) -> 1 | DH57: =SUM(CN57:DG57) -> 52
C58: RUANG | D58: 58 | E58: PERWALIAN | F58: R.60A | G58: R.60A | H58: R.60A | I58: R.60A | K58: R.60A | L58: R.60A | M58: DZUHUR | N58: LAP | O58: LAP | P58: R.60A | Q58: R.60A | U58: SARAPAN | V58: R.60A | W58: R.60A | X58: R.60A | Y58: R.60A | Z58: R.60A | AB58: R.AKIXI | AC58: R.AKIXI | AD58: DZUHUR | AE58: R.AKIXI | AF58: R.AKIXI | AG58: R.AKIXI | AM58: DHUHA & | AN58: R.60A | AO58: R.60A | AP58: R.60A | AQ58: R.60A | AS58: R.60A | AT58: R.60A | AU58: R.60A | AV58: DZUHUR | AW58: R.60A | AX58: R.60A | BE58: LITERASI | BF58: R.ATG | BG58: R.ATG | BH58: R.ATG | BI58: R.ATG | BJ58: R.ATG | BL58: R.ATG | BM58: R.ATG | BN58: DZUHUR | BO58: R.ATG | BP58: R.ATG | BW58: JUMAT BERSIH | BX58: R.60A | BY58: R.60A | BZ58: R.60A | CA58: R.60A | CB58: R.60A | CD58: DZUHUR | CE58: R.60A | CF58: R.60A | CG58: R.60A
C59: GURU | D59: 59 | F59: RANI | G59: RANI | H59: MIMY | I59: MIMY | J59: A | K59: LIA | L59: LIA | M59: MESJID | N59: TAUFIK | O59: TAUFIK | P59: ELA | Q59: ELA | U59: BERGIZI | V59: RAHMI | W59: RAHMI | X59: DINI | Y59: DINI | Z59: HAZAR | AA59: A | AB59: DINI | AC59: DINI | AD59: MESJID | AE59: DINI | AF59: DINI | AG59: DINI | AH59: DI KELAS | AM59: TADARUS | AN59: POPONG | AO59: POPONG | AP59: REGINA | AQ59: REGINA | AR59: A | AS59: REGINA | AT59: SUDARMI | AU59: SUDARMI | AV59: MESJID | AW59: DENA | AX59: DENA | AY59: DI KELAS | BE59: DI KELAS | BF59: OCTA | BG59: OCTA | BH59: OCTA | BI59: OCTA | BJ59: OCTA | BK59: A | BL59: OCTA | BM59: OCTA | BN59: MESJID | BO59: OCTA | BP59: OCTA | BQ59: DI KELAS | BR59: DI KELAS | BX59: LIA | BY59: LIA | BZ59: RUHYA | CA59: RUHYA | CB59: RUHYA | CC59: DI KELAS | CD59: MESJID | CE59: SARI | CF59: SARI | CG59: SARI | CH59: DI KELAS | CI59: A
D60: 60 | U60: DI KELAS | AB60: INA | AC60: INA | AE60: INA | AF60: INA | AG60: INA | AM60: DI LAPANG | BH60: ELA.N | BI60: ELA.N | BJ60: ELA.N | BL60: ELA.N | BM60: ELA.N | BO60: ELA.N | BP60: ELA.N
D61: 61 | BH61: INA | BI61: INA | BJ61: INA | BL61: INA | BM61: INA | BO61: INA | BP61: INA
B62: XI KA 6 | C62: MAPEL | D62: 62 | E62: UPACARA/ | F62: BIND | G62: BIND | H62: BIND | I62: PABP | J62: T | K62: PABP | L62: PABP | M62: ISTIRAHAT | N62: PKK | O62: PKK | P62: BING | Q62: BING | U62: TADARUS & | V62: ABA | W62: ABA | X62: PJOK | Y62: PJOK | Z62: SJRH | AA62: T | AB62: SJRH | AC62: AKI | AD62: AKI | AE62: ISTIRAHAT | AF62: STA | AG62: STA | AH62: TUGAS MANDIRI | AM62: SHOLAT | AN62: AKI | AO62: AKI | AP62: AKI | AQ62: AKI | AR62: T | AS62: AKI | AT62: ABO | AU62: ABO | AV62: ISTIRAHAT | AW62: BPBK | AX62: TUGAS MANDIRI | AY62: TUGAS MANDIRI | BE62: TADARUS & | BF62: ATG | BG62: ATG | BH62: ATG | BI62: ATG | BJ62: ATG | BK62: T | BL62: ATG | BM62: ATG | BN62: ISTIRAHAT | BO62: ATG | BP62: ATG | BQ62: TUGAS MANDIRI | BR62: TUGAS MANDIRI | BW62: SENAM & | BX62: MATH | BY62: MATH | BZ62: MATH | CA62: BSUN | CB62: BSUN | CC62: PPAN | CD62: ISTIRAHAT | CE62: PPAN | CF62: BING | CG62: BING | CH62: TUGAS MANDIRI | CI62: T | CN62: =COUNTIF($F$62:$CK$62,CN36) -> 3 | CO62: =COUNTIF($F$62:$CK$62,CO36) -> 2 | CP62: =COUNTIF($F$62:$CK$62,CP36) -> 3 | CQ62: =COUNTIF($F$62:$CK$62,CQ36) -> 2 | CR62: =COUNTIF($F$62:$CK$62,CR36) -> 2 | CS62: =COUNTIF($F$62:$CK$62,CS36) -> 0 | CT62: =COUNTIF($F$62:$CK$62,CT36) -> 2 | CU62: =COUNTIF($F$62:$CK$62,CU36) -> 3 | ... DG62: =COUNTIF($F$62:$CK$62,DG36) -> 1 | DH62: =SUM(CN62:DG62) -> 52
C63: RUANG | D63: 63 | E63: PERWALIAN | F63: R.60B | G63: R.60B | H63: R.60B | I63: R.60B | K63: R.60B | L63: R.60B | M63: DZUHUR | N63: R.60B | O63: R.60B | P63: R.60B | Q63: R.60B | U63: SARAPAN | V63: R.60B | W63: R.60B | X63: LAP | Y63: LAP | Z63: R.60B | AB63: R.60B | AC63: R.60B | AD63: R.60B | AE63: DZUHUR | AF63: R.60B | AG63: R.60B | AM63: DHUHA & | AN63: R.AKIXI | AO63: R.AKIXI | AP63: R.AKIXI | AQ63: R.AKIXI | AS63: R.AKIXI | AT63: R.60B | AU63: R.60B | AV63: DZUHUR | AW63: R.60B | BE63: LITERASI | BF63: R.KUALI | BG63: R.KUALI | BH63: R.KUALI | BI63: R.KUALI | BJ63: R.KUALI | BL63: R.KUALI | BM63: R.KUALI | BN63: DZUHUR | BO63: R.KUALI | BP63: R.KUALI | BW63: JUMAT BERSIH | BX63: R.60B | BY63: R.60B | BZ63: R.60B | CA63: R.60B | CB63: R.60B | CC63: R.60B | CD63: DZUHUR | CE63: R.60B | CF63: R.60B | CG63: R.60B
C64: GURU | D64: 64 | F64: REGINA | G64: REGINA | H64: REGINA | I64: RUHYA | K64: RUHYA | L64: RUHYA | M64: MESJID | N64: RAHMI | O64: RAHMI | P64: LIA | Q64: LIA | U64: BERGIZI | V64: ELA.N | W64: ELA.N | X64: TAUFIK | Y64: TAUFIK | Z64: SUDARMI | AB64: SUDARMI | AC64: POPONG | AD64: POPONG | AE64: MESJID | AF64: DENA | AG64: DENA | AH64: DI KELAS | AM64: TADARUS | AN64: RAHMI | AO64: RAHMI | AP64: RAHMI | AQ64: RAHMI | AS64: RAHMI | AT64: MIMY | AU64: MIMY | AV64: MESJID | AW64: HAZAR | AX64: DI KELAS | AY64: DI KELAS | BE64: DI KELAS | BF64: ADE | BG64: ADE | BH64: ADE | BI64: ADE | BJ64: ADE | BL64: ADE | BM64: ADE | BN64: MESJID | BO64: ADE | BP64: ADE | BQ64: DI KELAS | BR64: DI KELAS | BX64: SARI | BY64: SARI | BZ64: SARI | CA64: RANI | CB64: RANI | CC64: ELA | CD64: MESJID | CE64: ELA | CF64: LIA | CG64: LIA | CH64: DI KELAS
D65: 65 | U65: DI KELAS | AM65: DI LAPANG | AN65: DINI | AO65: DINI | AP65: DINI | AQ65: DINI | AS65: DINI | BH65: WINDY | BI65: WINDY | BJ65: WINDY | BL65: WINDY | BM65: WINDY | BO65: WINDY | BP65: WINDY
D66: 66 | BH66: CECEP | BI66: CECEP | BJ66: CECEP | BL66: CECEP | BM66: CECEP | BO66: CECEP | BP66: CECEP
D67: 67 | CN67: PABP | CO67: PPAN | CP67: BIND | CQ67: PJOK | CR67: SJRH | CT67: BSUN | CU67: MATH | CV67: BING | CW67: BJPG | CX67: MTK-DAS | CY67: ABO | CZ67: ABA | DA67: BOBA | DB67: AKI | DC67: MIK | DD67: PKK | DE67: KLI | DF67: KBM | DG67: BPBK
B68: XII AK 1 | C68: MAPEL | D68: 68 | E68: UPACARA/ | F68: MIK | G68: MIK | H68: MIK | I68: MIK | K68: MIK | L68: MIK | M68: ISTIRAHAT | N68: ABA | O68: ABA | P68: BJPG | Q68: BJPG | U68: TADARUS & | V68: AKI | W68: AKI | X68: AKI | Y68: AKI | Z68: AKI | AB68: AKI | AC68: MIK | AD68: MIK | AE68: ISTIRAHAT | AF68: PPAN | AG68: PPAN | AH68: TUGAS MANDIRI | AM68: SHOLAT | AN68: BIND | AO68: BIND | AP68: BIND | AQ68: SJRH | AS68: SJRH | AT68: BING | AU68: BING | AV68: ISTIRAHAT | AW68: PKK | AX68: PKK | AY68: TUGAS MANDIRI | BE68: TADARUS & | BF68: BPBK | BG68: ABO | BH68: ABO | BI68: BOBA | BJ68: BOBA | BL68: BOBA | BM68: BOBA | BN68: ISTIRAHAT | BO68: BOBA | BP68: BOBA | BQ68: BOBA | BR68: TUGAS MANDIRI | BW68: SENAM & | BX68: MATH | BY68: MATH | BZ68: MATH | CA68: PABP | CB68: PABP | CC68: PABP | CD68: ISTIRAHAT | CE68: PJOK | CF68: PJOK | CG68: TUGAS MANDIRI | CH68: TUGAS MANDIRI | CN68: =COUNTIF($F$68:$CK$68,CN67) -> 3 | CO68: =COUNTIF($F$68:$CK$68,CO67) -> 2 | CP68: =COUNTIF($F$68:$CK$68,CP67) -> 3 | CQ68: =COUNTIF($F$68:$CK$68,CQ67) -> 2 | CR68: =COUNTIF($F$68:$CK$68,CR67) -> 2 | CS68: =COUNTIF($F$68:$CK$68,CS67) -> 0 | CT68: =COUNTIF($F$68:$CK$68,CT67) -> 0 | CU68: =COUNTIF($F$68:$CK$68,CU67) -> 3 | ... DG68: =COUNTIF($F$68:$CK$68,DG67) -> 1 | DH68: =SUM(CN68:DG68) -> 47 | DI68: =COUNTIF($G$68:$CK$68,DI67) -> 0
C69: RUANG | D69: 69 | E69: PERWALIAN | F69: Lab MIKRO | G69: Lab MIKRO | H69: Lab MIKRO | I69: Lab MIKRO | J69: I | K69: Lab MIKRO | L69: Lab MIKRO | M69: DZUHUR | N69: R.56 | O69: R.56 | P69: R.56 | Q69: R.56 | U69: SARAPAN | V69: Lab AKI XII | W69: Lab AKI XII | X69: Lab AKI XII | Y69: Lab AKI XII | Z69: Lab AKI XII | AA69: 0 | AB69: Lab AKI XII | AC69: Lab MIKRO | AD69: Lab MIKRO | AE69: DZUHUR | AF69: R.30 | AG69: R.30 | AM69: DHUHA & | AN69: R.46 | AO69: R.46 | AP69: R.46 | AQ69: R.46 | AR69: I | AS69: R.46 | AT69: R.46 | AU69: R.46 | AV69: DZUHUR | AW69: R.46 | AX69: R.46 | BE69: LITERASI | BF69: R.29 | BG69: R.29 | BH69: R.29 | BI69: Lab BOBA | BJ69: Lab BOBA | BK69: I | BL69: Lab BOBA | BM69: Lab BOBA | BN69: DZUHUR | BO69: Lab BOBA | BP69: Lab BOBA | BQ69: Lab BOBA | BW69: JUMAT BERSIH | BX69: R.30 | BY69: R.30 | BZ69: R.30 | CA69: R.30 | CB69: R.30 | CC69: R.30 | CD69: DZUHUR | CE69: LAP | CF69: LAP | CI69: I
C70: GURU | D70: 70 | F70: NINA | G70: NINA | H70: NINA | I70: NINA | K70: NINA | L70: NINA | M70: MESJID | N70: SYAFITRI | O70: SYAFITRI | P70: RINI | Q70: RINI | U70: BERGIZI | V70: WINDY | W70: WINDY | X70: DANTY | Y70: DANTY | Z70: DANTY | AB70: DANTY | AC70: NINA | AD70: NINA | AE70: MESJID | AF70: MAYA | AG70: MAYA | AH70: DI KELAS | AM70: TADARUS | AN70: RINA | AO70: RINA | AP70: RINA | AQ70: SUDARMI | AS70: SUDARMI | AT70: INDIRA | AU70: INDIRA | AV70: MESJID | AW70: MIMY | AX70: MIMY | AY70: DI KELAS | BE70: DI KELAS | BF70: EVA | BG70: TINI | BH70: TINI | BI70: TINI | BJ70: TINI | BL70: TINI | BM70: TINI | BN70: MESJID | BO70: TINI | BP70: TINI | BQ70: TINI | BR70: DI KELAS | BX70: DADAN | BY70: DADAN | BZ70: DADAN | CA70: RUKMANA | CB70: RUKMANA | CC70: RUKMANA | CD70: MESJID | CE70: YENI | CF70: YENI | CG70: DI KELAS | CH70: DI KELAS
D71: 71 | F71: FERTIKA | G71: FERTIKA | H71: FERTIKA | I71: FERTIKA | K71: FERTIKA | L71: FERTIKA | U71: DI KELAS | X71: WINDY | Y71: WINDY | Z71: WINDY | AB71: WINDY | AC71: FERTIKA | AD71: FERTIKA | AM71: DI LAPANG | BI71: SYAFITRI | BJ71: SYAFITRI | BL71: SYAFITRI | BM71: SYAFITRI | BO71: SYAFITRI | BP71: SYAFITRI | BQ71: SYAFITRI
D72: 72 | J72: S | AA72: S | AR72: S | BK72: S | CI72: S
B73: XII AK 2 | C73: MAPEL | D73: 73 | E73: UPACARA/ | F73: AKI | G73: AKI | H73: AKI | I73: AKI | K73: AKI | L73: AKI | M73: ISTIRAHAT | N73: BPBK | O73: PPAN | P73: PPAN | Q73: TUGAS MANDIRI | U73: TADARUS & | V73: MIK | W73: MIK | X73: MIK | Y73: MIK | Z73: MIK | AB73: MIK | AC73: SJRH | AD73: SJRH | AE73: ISTIRAHAT | AF73: BING | AG73: BING | AH73: TUGAS MANDIRI | AM73: SHOLAT | AN73: PKK | AO73: PKK | AP73: ABO | AQ73: ABO | AS73: BIND | AT73: BIND | AU73: BIND | AV73: ISTIRAHAT | AW73: MIK | AX73: MIK | AY73: TUGAS MANDIRI | BE73: TADARUS & | BF73: ABA | BG73: ABA | BH73: PJOK | BI73: PJOK | BJ73: MATH | BL73: MATH | BM73: MATH | BN73: ISTIRAHAT | BO73: PABP | BP73: PABP | BQ73: PABP | BR73: TUGAS MANDIRI | BW73: SENAM & | BX73: BOBA | BY73: BOBA | BZ73: BOBA | CA73: BOBA | CB73: BOBA | CC73: BOBA | CD73: ISTIRAHAT | CE73: BOBA | CF73: BJPG | CG73: BJPG | CH73: TUGAS MANDIRI | CN73: =COUNTIF($F$73:$CK$73,CN67) -> 3 | CO73: =COUNTIF($F$73:$CK$73,CO67) -> 2 | CP73: =COUNTIF($F$73:$CK$73,CP67) -> 3 | CQ73: =COUNTIF($F$73:$CK$73,CQ67) -> 2 | CR73: =COUNTIF($F$73:$CK$73,CR67) -> 2 | CT73: =COUNTIF($F$73:$CK$73,CT67) -> 0 | CU73: =COUNTIF($F$73:$CK$73,CU67) -> 3 | CV73: =COUNTIF($F$73:$CK$73,CV67) -> 2 | CW73: =COUNTIF($F$73:$CK$73,CW67) -> 2 | CX73: =COUNTIF($F$73:$CK$73,CX67) -> 0 | CY73: =COUNTIF($F$73:$CK$73,CY67) -> 2 | CZ73: =COUNTIF($F$73:$CK$73,CZ67) -> 2 | DA73: =COUNTIF($F$73:$CK$73,DA67) -> 7 | ... DG73: =COUNTIF($F$73:$CK$73,DG67) -> 1 | DH73: =SUM(CN73:DG73) -> 47 | DI73: =COUNTIF($G$73:$CK$73,DI67) -> 0
C74: RUANG | D74: 74 | E74: PERWALIAN | F74: Lab AKI XII | G74: Lab AKI XII | H74: Lab AKI XII | I74: Lab AKI XII | K74: Lab AKI XII | L74: Lab AKI XII | M74: DZUHUR | N74: R.57 | O74: R.57 | P74: R.57 | U74: SARAPAN | V74: Lab MIKRO | W74: Lab MIKRO | X74: Lab MIKRO | Y74: Lab MIKRO | Z74: Lab MIKRO | AB74: Lab MIKRO | AC74: R.60A | AD74: R.60A | AE74: DZUHUR | AF74: R.60A | AG74: R.60A | AM74: DHUHA & | AN74: R.47 | AO74: R.47 | AP74: R.47 | AQ74: R.47 | AS74: R.47 | AT74: R.47 | AU74: R.47 | AV74: DZUHUR | AW74: Lab MIKRO | AX74: Lab MIKRO | BE74: LITERASI | BF74: R.60A | BG74: R.60A | BH74: LAP | BI74: LAP | BJ74: R.60A | BL74: R.60A | BM74: R.60A | BN74: DZUHUR | BO74: R.60A | BP74: R.60A | BQ74: R.60A | BW74: JUMAT BERSIH | BX74: Lab BOBA | BY74: Lab BOBA | BZ74: Lab BOBA | CA74: Lab BOBA | CB74: Lab BOBA | CC74: Lab BOBA | CD74: DZUHUR | CE74: Lab BOBA | CF74: R.30 | CG74: R.30
C75: GURU | D75: 75 | F75: WINDY | G75: WINDY | H75: WINDY | I75: WINDY | J75: T | K75: WINDY | L75: WINDY | M75: MESJID | N75: EVA | O75: MAYA | P75: MAYA | Q75: DI KELAS | U75: BERGIZI | V75: SANTIKA | W75: SANTIKA | X75: SANTIKA | Y75: SANTIKA | Z75: SANTIKA | AA75: T | AB75: SANTIKA | AC75: SUDARMI | AD75: SUDARMI | AE75: MESJID | AF75: INDIRA | AG75: INDIRA | AH75: DI KELAS | AM75: TADARUS | AN75: MIMY | AO75: MIMY | AP75: CECEP | AQ75: CECEP | AR75: T | AS75: RINA | AT75: RINA | AU75: RINA | AV75: MESJID | AW75: SANTIKA | AX75: SANTIKA | AY75: DI KELAS | BE75: DI KELAS | BF75: ENDANG | BG75: ENDANG | BH75: YENI | BI75: YENI | BJ75: DADAN | BK75: T | BL75: DADAN | BM75: DADAN | BN75: MESJID | BO75: RUKMANA | BP75: RUKMANA | BQ75: RUKMANA | BR75: DI KELAS | BX75: NENENG | BY75: NENENG | BZ75: NENENG | CA75: NENENG | CB75: NENENG | CC75: NENENG | CD75: MESJID | CE75: NENENG | CF75: RINI | CG75: RINI | CH75: DI KELAS | CI75: T
D76: 76 | H76: IAH | I76: IAH | K76: IAH | L76: IAH | U76: DI KELAS | V76: FERTIKA | W76: FERTIKA | X76: FERTIKA | Y76: FERTIKA | Z76: FERTIKA | AB76: FERTIKA | AM76: DI LAPANG | AW76: FERTIKA | AX76: FERTIKA | BX76: TINI | BY76: TINI | BZ76: TINI | CA76: TINI | CB76: TINI | CC76: TINI | CE76: TINI
D77: 77
B78: XII AK 3 | C78: MAPEL | D78: 78 | E78: UPACARA/ | F78: PKK | G78: PKK | H78: SJRH | I78: SJRH | J78: I | K78: ABA | L78: ABA | M78: ISTIRAHAT | N78: MIK | O78: MIK | P78: BPBK | Q78: TUGAS MANDIRI | U78: TADARUS & | V78: ABO | W78: ABO | X78: PABP | Y78: PABP | Z78: PABP | AA78: I | AB78: BJPG | AC78: BJPG | AD78: ISTIRAHAT | AE78: AKI | AF78: AKI | AG78: AKI | AH78: AKI | AM78: SHOLAT | AN78: BOBA | AO78: BOBA | AP78: BOBA | AQ78: BOBA | AR78: I | AS78: BOBA | AT78: BOBA | AU78: BOBA | AV78: ISTIRAHAT | AW78: MATH | AX78: MATH | AY78: MATH | BE78: TADARUS & | BF78: AKI | BG78: AKI | BH78: BIND | BI78: BIND | BJ78: BIND | BK78: I | BL78: BING | BM78: BING | BN78: ISTIRAHAT | BO78: PJOK | BP78: PJOK | BQ78: TUGAS MANDIRI | BR78: TUGAS MANDIRI | BW78: SENAM & | BX78: MIK | BY78: MIK | BZ78: MIK | CA78: MIK | CB78: MIK | CC78: MIK | CD78: ISTIRAHAT | CE78: PPAN | CF78: PPAN | CG78: TUGAS MANDIRI | CH78: TUGAS MANDIRI | CI78: I | CN78: =COUNTIF($F$78:$CK$78,CN67) -> 3 | CO78: =COUNTIF($F$78:$CK$78,CO67) -> 2 | CP78: =COUNTIF($F$78:$CK$78,CP67) -> 3 | CQ78: =COUNTIF($F$78:$CK$78,CQ67) -> 2 | CR78: =COUNTIF($F$78:$CK$78,CR67) -> 2 | CT78: =COUNTIF($F$78:$CK$78,CT67) -> 0 | CU78: =COUNTIF($F$78:$CK$78,CU67) -> 3 | CV78: =COUNTIF($F$78:$CK$78,CV67) -> 2 | CW78: =COUNTIF($F$78:$CK$78,CW67) -> 2 | CX78: =COUNTIF($F$78:$CK$78,CX67) -> 0 | CY78: =COUNTIF($F$78:$CK$78,CY67) -> 2 | CZ78: =COUNTIF($F$78:$CK$78,CZ67) -> 2 | DA78: =COUNTIF($F$78:$CK$78,DA67) -> 7 | ... DG78: =COUNTIF($F$78:$CK$78,DG67) -> 1 | DH78: =SUM(CN78:DG78) -> 47 | DI78: =COUNTIF($G$78:$CK$78,DI67) -> 0
C79: RUANG | D79: 79 | E79: PERWALIAN | F79: R.58 | G79: R.58 | H79: R.58 | I79: R.58 | K79: R.58 | L79: R.58 | M79: DZUHUR | N79: Lab MIKRO | O79: Lab MIKRO | P79: R.58 | U79: SARAPAN | V79: R.58 | W79: R.58 | X79: R.58 | Y79: R.58 | Z79: R.58 | AB79: R.58 | AC79: R.58 | AD79: DZUHUR | AE79: Lab AKI XII | AF79: Lab AKI XII | AG79: Lab AKI XII | AH79: Lab AKI XII | AM79: DHUHA & | AN79: Lab BOBA | AO79: Lab BOBA | AP79: Lab BOBA | AQ79: Lab BOBA | AS79: Lab BOBA | AT79: Lab BOBA | AU79: Lab BOBA | AV79: DZUHUR | AW79: R.47 | AX79: R.47 | AY79: R.47 | BE79: LITERASI | BF79: R.58 | BG79: R.58 | BH79: R.58 | BI79: R.58 | BJ79: R.58 | BL79: R.58 | BM79: R.58 | BN79: DZUHUR | BO79: LAP | BP79: LAP | BW79: JUMAT BERSIH | BX79: Lab MIKRO | BY79: Lab MIKRO | BZ79: Lab MIKRO | CA79: Lab MIKRO | CB79: Lab MIKRO | CC79: Lab MIKRO | CD79: DZUHUR | CE79: R.58 | CF79: R.58
C80: GURU | D80: 80 | F80: MIMY | G80: MIMY | H80: SUDARMI | I80: SUDARMI | K80: SYAFITRI | L80: SYAFITRI | M80: MESJID | N80: SANTIKA | O80: SANTIKA | P80: EVA | Q80: DI KELAS | U80: BERGIZI | V80: TINI | W80: TINI | X80: RUKMANA | Y80: RUKMANA | Z80: RUKMANA | AB80: RINI | AC80: RINI | AD80: MESJID | AE80: DANTY | AF80: DANTY | AG80: DANTY | AH80: DANTY | AM80: TADARUS | AN80: ENDANG | AO80: ENDANG | AP80: ENDANG | AQ80: ENDANG | AS80: ENDANG | AT80: ENDANG | AU80: ENDANG | AV80: MESJID | AW80: DADAN | AX80: DADAN | AY80: DADAN | BE80: DI KELAS | BF80: WINDY | BG80: WINDY | BH80: RINA | BI80: RINA | BJ80: RINA | BL80: INDIRA | BM80: INDIRA | BN80: MESJID | BO80: YENI | BP80: YENI | BQ80: DI KELAS | BR80: DI KELAS | BX80: SANTIKA | BY80: SANTIKA | BZ80: SANTIKA | CA80: SANTIKA | CB80: SANTIKA | CC80: SANTIKA | CD80: MESJID | CE80: MAYA | CF80: MAYA | CG80: DI KELAS | CH80: DI KELAS
D81: 81 | J81: R | N81: ANGGITA | O81: ANGGITA | U81: DI KELAS | AA81: R | AE81: SUGI | AF81: SUGI | AG81: SUGI | AH81: SUGI | AM81: DI LAPANG | AN81: SYAFITRI | AO81: SYAFITRI | AP81: SYAFITRI | AQ81: SYAFITRI | AR81: R | AS81: SYAFITRI | AT81: SYAFITRI | AU81: SYAFITRI | BK81: R | BX81: ANGGITA | BY81: ANGGITA | BZ81: ANGGITA | CA81: ANGGITA | CB81: ANGGITA | CC81: ANGGITA | CI81: R
D82: 82
B83: XII AK 4 | C83: MAPEL | D83: 83 | E83: UPACARA/ | F83: BOBA | G83: BOBA | H83: BOBA | I83: BOBA | K83: BOBA | L83: BOBA | M83: ISTIRAHAT | N83: BOBA | O83: MIK | P83: MIK | Q83: TUGAS MANDIRI | U83: TADARUS & | V83: BJPG | W83: BJPG | X83: PPAN | Y83: PPAN | Z83: MATH | AB83: MATH | AC83: MATH | AD83: ISTIRAHAT | AE83: BPBK | AF83: PABP | AG83: PABP | AH83: PABP | AM83: SHOLAT | AN83: ABO | AO83: ABO | AP83: AKI | AQ83: AKI | AS83: AKI | AT83: AKI | AU83: ISTIRAHAT | AV83: SJRH | AW83: SJRH | AX83: BING | AY83: BING | BE83: TADARUS & | BF83: PKK | BG83: PKK | BH83: PJOK | BI83: PJOK | BJ83: ABA | BL83: ABA | BM83: BIND | BN83: ISTIRAHAT | BO83: BIND | BP83: BIND | BQ83: TUGAS MANDIRI | BR83: TUGAS MANDIRI | BW83: SENAM & | BX83: MIK | BY83: MIK | BZ83: MIK | CA83: MIK | CB83: MIK | CC83: MIK | CD83: ISTIRAHAT | CE83: AKI | CF83: AKI | CG83: TUGAS MANDIRI | CH83: TUGAS MANDIRI | CN83: =COUNTIF($F$83:$CK$83,CN67) -> 3 | CO83: =COUNTIF($F$83:$CK$83,CO67) -> 2 | CP83: =COUNTIF($F$83:$CK$83,CP67) -> 3 | CQ83: =COUNTIF($F$83:$CK$83,CQ67) -> 2 | CR83: =COUNTIF($F$83:$CK$83,CR67) -> 2 | CT83: =COUNTIF($F$83:$CK$83,CT67) -> 0 | CU83: =COUNTIF($F$83:$CK$83,CU67) -> 3 | CV83: =COUNTIF($F$83:$CK$83,CV67) -> 2 | CW83: =COUNTIF($F$83:$CK$83,CW67) -> 2 | CX83: =COUNTIF($F$83:$CK$83,CX67) -> 0 | CY83: =COUNTIF($F$83:$CK$83,CY67) -> 2 | CZ83: =COUNTIF($F$83:$CK$83,CZ67) -> 2 | DA83: =COUNTIF($F$83:$CK$83,DA67) -> 7 | ... DG83: =COUNTIF($F$83:$CK$83,DG67) -> 1 | DH83: =SUM(CN83:DG83) -> 47 | DI83: =COUNTIF($G$83:$CK$83,DI67) -> 0
C84: RUANG | D84: 84 | E84: PERWALIAN | F84: Lab BOBA | G84: Lab BOBA | H84: Lab BOBA | I84: Lab BOBA | J84: A | K84: Lab BOBA | L84: Lab BOBA | M84: DZUHUR | N84: Lab BOBA | O84: R. 20 | P84: R. 20 | U84: SARAPAN | V84: R.62 | W84: R.62 | X84: R.62 | Y84: R.62 | Z84: R.62 | AA84: A | AB84: R.62 | AC84: R.62 | AD84: DZUHUR | AE84: R.62 | AF84: R.62 | AG84: R.62 | AH84: R.62 | AM84: DHUHA & | AN84: R.51 | AO84: R.51 | AP84: Lab AKI XII | AQ84: Lab AKI XII | AR84: A | AS84: Lab AKI XII | AT84: Lab AKI XII | AU84: DZUHUR | AV84: R.51 | AW84: R.51 | AX84: R.51 | AY84: R.51 | BE84: LITERASI | BF84: R.56 | BG84: R.56 | BH84: LAP | BI84: LAP | BJ84: R.56 | BK84: R | BL84: R.56 | BM84: R.56 | BN84: R | BO84: R.56 | BP84: R.56 | BW84: JUMAT BERSIH | BX84: R.KUALI | BY84: R.KUALI | BZ84: R.KUALI | CA84: R.KUALI | CB84: R.KUALI | CC84: R.KUALI | CD84: DZUHUR | CE84: R.53 | CF84: R.53 | CI84: A
C85: GURU | D85: 85 | F85: CECEP | G85: CECEP | H85: CECEP | I85: CECEP | K85: CECEP | L85: CECEP | M85: MESJID | N85: CECEP | O85: NINA | P85: NINA | Q85: DI KELAS | U85: BERGIZI | V85: RINI | W85: RINI | X85: MAYA | Y85: MAYA | Z85: DADAN | AB85: DADAN | AC85: DADAN | AD85: MESJID | AE85: EVA | AF85: RUKMANA | AG85: RUKMANA | AH85: RUKMANA | AM85: TADARUS | AN85: CECEP | AO85: CECEP | AP85: DANTY | AQ85: DANTY | AS85: DANTY | AT85: DANTY | AU85: MESJID | AV85: SUDARMI | AW85: SUDARMI | AX85: INDIRA | AY85: INDIRA | BE85: DI KELAS | BF85: MIMY | BG85: MIMY | BH85: TAUFIK | BI85: TAUFIK | BJ85: ENDANG | BL85: ENDANG | BM85: RINA | BN85: MESJID | BO85: RINA | BP85: RINA | BQ85: DI KELAS | BR85: DI KELAS | BX85: NINA | BY85: NINA | BZ85: NINA | CA85: NINA | CB85: NINA | CC85: NINA | CD85: MESJID | CE85: DANTY | CF85: DANTY | CG85: DI KELAS | CH85: DI KELAS
D86: 86 | F86: NENENG | G86: NENENG | H86: NENENG | I86: NENENG | K86: NENENG | L86: NENENG | N86: NENENG | O86: FERTIKA | P86: FERTIKA | U86: DI KELAS | AM86: DI LAPANG | AP86: POPONG | AQ86: POPONG | AS86: POPONG | AT86: POPONG | BX86: FERTIKA | BY86: FERTIKA | BZ86: FERTIKA | CA86: FERTIKA | CB86: FERTIKA | CC86: FERTIKA
D87: 87 | J87: H | AA87: H | AR87: H | BK87: H | CI87: H
B88: XII AK 5 | C88: MAPEL | D88: 88 | E88: UPACARA/ | F88: ABA | G88: ABA | H88: PJOK | I88: PJOK | K88: SJRH | L88: SJRH | M88: ISTIRAHAT | N88: BIND | O88: BIND | P88: BIND | Q88: TUGAS MANDIRI | U88: TADARUS & | V88: BPBK | W88: PKK | X88: PKK | Y88: BOBA | Z88: BOBA | AB88: BOBA | AC88: BOBA | AD88: ISTIRAHAT | AE88: BOBA | AF88: BOBA | AG88: BOBA | AH88: TUGAS MANDIRI | AM88: SHOLAT | AN88: MIK | AO88: MIK | AP88: MIK | AQ88: MIK | AS88: MIK | AT88: MIK | AU88: ISTIRAHAT | AV88: ABO | AW88: ABO | AX88: PPAN | AY88: PPAN | BE88: TADARUS & | BF88: AKI | BG88: AKI | BH88: AKI | BI88: AKI | BJ88: AKI | BL88: AKI | BM88: MIK | BN88: MIK | BO88: ISTIRAHAT | BP88: BING | BQ88: BING | BR88: TUGAS MANDIRI | BW88: SENAM & | BX88: BJPG | BY88: BJPG | BZ88: TUGAS MANDIRI | CA88: MATH | CB88: MATH | CC88: MATH | CD88: ISTIRAHAT | CE88: PABP | CF88: PABP | CG88: PABP | CH88: TUGAS MANDIRI | CN88: =COUNTIF($F$88:$CK$88,CN67) -> 3 | CO88: =COUNTIF($F$88:$CK$88,CO67) -> 2 | CP88: =COUNTIF($F$88:$CK$88,CP67) -> 3 | CQ88: =COUNTIF($F$88:$CK$88,CQ67) -> 2 | CR88: =COUNTIF($F$88:$CK$88,CR67) -> 2 | CT88: =COUNTIF($F$88:$CK$88,CT67) -> 0 | CU88: =COUNTIF($F$88:$CK$88,CU67) -> 3 | CV88: =COUNTIF($F$88:$CK$88,CV67) -> 2 | CW88: =COUNTIF($F$88:$CK$88,CW67) -> 2 | CX88: =COUNTIF($F$88:$CK$88,CX67) -> 0 | CY88: =COUNTIF($F$88:$CK$88,CY67) -> 2 | CZ88: =COUNTIF($F$88:$CK$88,CZ67) -> 2 | DA88: =COUNTIF($F$88:$CK$88,DA67) -> 7 | ... DG88: =COUNTIF($F$88:$CK$88,DG67) -> 1 | DH88: =SUM(CN88:DG88) -> 47 | DI88: =COUNTIF($G$88:$CK$88,DI67) -> 0
C89: RUANG | D89: 89 | E89: PERWALIAN | F89: R.61 | G89: R.61 | H89: LAP | I89: LAP | K89: R.61 | L89: R.61 | M89: DZUHUR | N89: R.61 | O89: R.61 | P89: R.61 | U89: SARAPAN | V89: R.60 | W89: R.60 | X89: R.60 | Y89: Lab BOBA | Z89: Lab BOBA | AB89: Lab BOBA | AC89: Lab BOBA | AD89: DZUHUR | AE89: Lab BOBA | AF89: Lab BOBA | AG89: Lab BOBA | AM89: DHUHA & | AN89: Lab MIKRO | AO89: Lab MIKRO | AP89: Lab MIKRO | AQ89: Lab MIKRO | AS89: Lab MIKRO | AT89: Lab MIKRO | AU89: DZUHUR | AV89: R.53 | AW89: R.53 | AX89: R.53 | AY89: R.53 | BE89: LITERASI | BF89: Lab AKI XII | BG89: Lab AKI XII | BH89: Lab AKI XII | BI89: Lab AKI XII | BJ89: Lab AKI XII | BL89: Lab AKI XII | BM89: R.60B | BN89: R.60B | BO89: DZUHUR | BP89: R.60B | BQ89: R.60B | BW89: JUMAT BERSIH | BX89: R.60 | BY89: R.60 | CA89: R.60 | CB89: R.60 | CC89: R.60 | CD89: DZUHUR | CE89: R.60 | CF89: R.60 | CG89: R.60
C90: GURU | D90: 90 | F90: ENDANG | G90: ENDANG | H90: TAUFIK | I90: TAUFIK | J90: A | K90: APRIL | L90: APRIL | M90: MESJID | N90: RINA | O90: RINA | P90: RINA | Q90: DI KELAS | U90: BERGIZI | V90: EVA | W90: MIMY | X90: MIMY | Y90: ENDANG | Z90: ENDANG | AA90: A | AB90: ENDANG | AC90: ENDANG | AD90: MESJID | AE90: ENDANG | AF90: ENDANG | AG90: ENDANG | AH90: DI KELAS | AM90: TADARUS | AN90: NINA | AO90: NINA | AP90: NINA | AQ90: NINA | AR90: A | AS90: NINA | AT90: NINA | AU90: MESJID | AV90: CECEP | AW90: CECEP | AX90: MAYA | AY90: MAYA | BE90: DI KELAS | BF90: DANTY | BG90: DANTY | BH90: DANTY | BI90: DANTY | BJ90: DANTY | BK90: A | BL90: DANTY | BM90: NINA | BN90: NINA | BO90: MESJID | BP90: INDIRA | BQ90: INDIRA | BR90: DI KELAS | BX90: RINI | BY90: RINI | BZ90: DI KELAS | CA90: DADAN | CB90: DADAN | CC90: DADAN | CD90: MESJID | CE90: RUKMANA | CF90: RUKMANA | CG90: RUKMANA | CH90: DI KELAS | CI90: A
D91: 91 | U91: DI KELAS | Y91: MIMY | Z91: MIMY | AB91: MIMY | AC91: MIMY | AE91: MIMY | AF91: MIMY | AG91: MIMY | AM91: DI LAPANG | AN91: NENENG | AO91: NENENG | AP91: NENENG | AQ91: NENENG | AS91: NENENG | AT91: NENENG | BH91: SUGI | BI91: SUGI | BJ91: SUGI | BL91: SUGI | BM91: NENENG | BN91: NENENG
D92: 92
B93: XII AK 6 | C93: MAPEL | D93: 93 | E93: UPACARA/ | F93: ABA | G93: ABA | H93: BIND | I93: BIND | J93: T | K93: BIND | L93: ABO | M93: ABO | N93: ISTIRAHAT | O93: PABP | P93: PABP | Q93: PABP | U93: TADARUS & | V93: MATH | W93: MATH | X93: MATH | Y93: BOBA | Z93: BOBA | AA93: T | AB93: BOBA | AC93: BOBA | AD93: ISTIRAHAT | AE93: BOBA | AF93: BOBA | AG93: BOBA | AH93: TUGAS MANDIRI | AM93: SHOLAT | AN93: SJRH | AO93: SJRH | AP93: BING | AQ93: BING | AR93: T | AS93: PPAN | AT93: PPAN | AU93: ISTIRAHAT | AV93: PJOK | AW93: PJOK | AX93: BPBK | AY93: TUGAS MANDIRI | BE93: TADARUS & | BF93: MIK | BG93: MIK | BH93: MIK | BI93: MIK | BJ93: MIK | BK93: T | BL93: MIK | BM93: PKK | BN93: PKK | BO93: ISTIRAHAT | BP93: BJPG | BQ93: BJPG | BR93: TUGAS MANDIRI | BW93: SENAM & | BX93: AKI | BY93: AKI | BZ93: AKI | CA93: AKI | CB93: AKI | CC93: AKI | CD93: ISTIRAHAT | CE93: TUGAS MANDIRI | CF93: MIK | CG93: MIK | CH93: TUGAS MANDIRI | CI93: T | CN93: =COUNTIF($F$93:$CK$93,CN67) -> 3 | CO93: =COUNTIF($F$93:$CK$93,CO67) -> 2 | CP93: =COUNTIF($F$93:$CK$93,CP67) -> 3 | CQ93: =COUNTIF($F$93:$CK$93,CQ67) -> 2 | CR93: =COUNTIF($F$93:$CK$93,CR67) -> 2 | CT93: =COUNTIF($F$93:$CK$93,CT67) -> 0 | CU93: =COUNTIF($F$93:$CK$93,CU67) -> 3 | CV93: =COUNTIF($F$93:$CK$93,CV67) -> 2 | CW93: =COUNTIF($F$93:$CK$93,CW67) -> 2 | CX93: =COUNTIF($F$93:$CK$93,CX67) -> 0 | CY93: =COUNTIF($F$93:$CK$93,CY67) -> 2 | CZ93: =COUNTIF($F$93:$CK$93,CZ67) -> 2 | DA93: =COUNTIF($F$93:$CK$93,DA67) -> 7 | ... DG93: =COUNTIF($F$93:$CK$93,DG67) -> 1 | DH93: =SUM(CN93:DG93) -> 47 | DI93: =COUNTIF($G$93:$CK$93,DI67) -> 0
C94: RUANG | D94: 94 | E94: PERWALIAN | F94: R.44 | G94: R.44 | H94: R.44 | I94: R.44 | K94: R.44 | L94: R.44 | M94: R.44 | N94: DZUHUR | O94: R.44 | P94: R.44 | Q94: R.44 | U94: SARAPAN | V94: R.57 | W94: R.57 | X94: R.57 | Y94: R.KUALI | Z94: R.KUALI | AB94: R.KUALI | AC94: R.KUALI | AD94: DZUHUR | AE94: R.KUALI | AF94: R.KUALI | AG94: R.KUALI | AM94: DHUHA & | AN94: R.63 | AO94: R.63 | AP94: R.63 | AQ94: R.63 | AS94: R.63 | AT94: R.63 | AU94: DZUHUR | AV94: LAP | AW94: LAP | AX94: R.63 | BE94: LITERASI | BF94: Lab MIKRO | BG94: Lab MIKRO | BH94: Lab MIKRO | BI94: Lab MIKRO | BJ94: Lab MIKRO | BL94: Lab MIKRO | BM94: R.48 | BN94: R.48 | BO94: DZUHUR | BP94: R.48 | BQ94: R.48 | BW94: JUMAT BERSIH | BX94: Lab AKI XII | BY94: Lab AKI XII | BZ94: Lab AKI XII | CA94: Lab AKI XII | CB94: Lab AKI XII | CC94: Lab AKI XII | CD94: DZUHUR | CF94: Lab MIKRO | CG94: Lab MIKRO
C95: GURU | D95: 95 | F95: SYAFITRI | G95: SYAFITRI | H95: RINA | I95: RINA | K95: RINA | L95: TINI | M95: TINI | N95: MESJID | O95: RUKMANA | P95: RUKMANA | Q95: RUKMANA | U95: BERGIZI | V95: DADAN | W95: DADAN | X95: DADAN | Y95: TINI | Z95: TINI | AB95: TINI | AC95: TINI | AD95: MESJID | AE95: TINI | AF95: TINI | AG95: TINI | AH95: DI KELAS | AM95: TADARUS | AN95: SUDARMI | AO95: SUDARMI | AP95: INDIRA | AQ95: INDIRA | AS95: MAYA | AT95: MAYA | AU95: MESJID | AV95: TAUFIK | AW95: TAUFIK | AX95: EVA | AY95: DI KELAS | BE95: DI KELAS | BF95: SANTIKA | BG95: SANTIKA | BH95: SANTIKA | BI95: SANTIKA | BJ95: SANTIKA | BL95: SANTIKA | BM95: MIMY | BN95: MIMY | BO95: MESJID | BP95: RINI | BQ95: RINI | BR95: DI KELAS | BX95: DANTY | BY95: DANTY | BZ95: DANTY | CA95: DANTY | CB95: DANTY | CC95: DANTY | CD95: MESJID | CE95: DI KELAS | CF95: SANTIKA | CG95: SANTIKA | CH95: DI KELAS
D96: 96 | U96: DI KELAS | Y96: SYAFITRI | Z96: SYAFITRI | AB96: SYAFITRI | AC96: SYAFITRI | AE96: SYAFITRI | AF96: SYAFITRI | AG96: SYAFITRI | AM96: DI LAPANG | BF96: NENENG | BG96: NENENG | BH96: NENENG | BI96: NENENG | BJ96: NENENG | BL96: NENENG | BZ96: IAH | CA96: IAH | CB96: IAH | CC96: IAH | CF96: NENENG | CG96: NENENG
D97: 97
D98: 98 | CT98: BJPG | CU98: MATH | CV98: BING | CY98: ABO | CZ98: ABA | DB98: AKI | DC98: MIK | DD98: PKK | DE98: KLI | DF98: KBM | DG98: BPBK
B99: XIII AK 1 | C99: MAPEL | D99: 99 | E99: UPACARA/ | F99: PIKET | G99: PIKET | H99: PIKET | I99: PIKET | K99: PIKET | L99: PIKET | N99: PIKET | O99: PIKET | P99: PIKET | Q99: PIKET | U99: TADARUS & | V99: BING | W99: BING | X99: PROJEK | Y99: MATH | Z99: MATH | AB99: PROJEK | AC99: PROJEK | AE99: PROJEK | AF99: PROJEK | AG99: PROJEK | AH99: PROJEK | AM99: SHOLAT | AN99: PROJEK | AO99: PROJEK | AP99: PROJEK | AQ99: PROJEK | AS99: PROJEK | AT99: PROJEK | AV99: PROJEK | AW99: PROJEK | AX99: PROJEK | AY99: PROJEK | BE99: TADARUS & | BF99: PROJEK | BG99: PROJEK | BH99: PROJEK | BI99: PROJEK | BJ99: PROJEK | BL99: PROJEK | BM99: PROJEK | BO99: PROJEK | BP99: PROJEK | BQ99: PROJEK | BR99: PROJEK | BW99: SENAM & | BX99: PROJEK | BY99: PROJEK | BZ99: PROJEK | CA99: PROJEK | CB99: PROJEK | CC99: PROJEK | CE99: PROJEK | CF99: PROJEK | CG99: PROJEK | CH99: PROJEK | CN99: =COUNTIF($F$99:$CK$99,CN98) -> 0 | CO99: =COUNTIF($F$99:$CK$99,CO98) -> 0 | CP99: =COUNTIF($F$99:$CK$99,CP98) -> 0 | CQ99: =COUNTIF($F$99:$CK$99,CQ98) -> 0 | CR99: =COUNTIF($F$99:$CK$99,CR98) -> 0 | CS99: =COUNTIF($F$99:$CK$99,CS98) -> 0 | CT99: =COUNTIF($F$99:$CK$99,CT98) -> 0 | CU99: =COUNTIF($F$99:$CK$99,CU98) -> 2 | ... DG99: =COUNTIF($F$99:$CK$99,DG98) -> 0 | DH99: =SUM(CN99:DG99) -> 4
D100: 100 | E100: PERWALIAN | F100: LAB | G100: LAB | H100: LAB | I100: LAB | K100: LAB | L100: LAB | N100: LAB | O100: LAB | P100: LAB | Q100: LAB | U100: SARAPAN | V100: R.56 | W100: R.56 | X100: PKL | Y100: R.51 | Z100: R.51 | AB100: PKL | AC100: PKL | AE100: PKL | AF100: PKL | AG100: PKL | AH100: PKL | AM100: DHUHA & | AN100: PKL | AO100: PKL | AP100: PKL | AQ100: PKL | AS100: PKL | AT100: PKL | AV100: PKL | AW100: PKL | AX100: PKL | AY100: PKL | BE100: LITERASI | BF100: PKL | BG100: PKL | BH100: PKL | BI100: PKL | BJ100: PKL | BL100: PKL | BM100: PKL | BO100: PKL | BP100: PKL | BQ100: PKL | BR100: PKL | BW100: JUMAT BERSIH | BX100: PKL | BY100: PKL | BZ100: PKL | CA100: PKL | CB100: PKL | CC100: PKL | CE100: PKL | CF100: PKL | CG100: PKL | CH100: PKL
...

Sheet JAM GURU
F1: SENIN | V1: SELASA | AL1: RABU | BF1: KAMIS | BV1: JUMAT
A2: NO | B2: NAMA GURU | C2: KODE | F2: 2 | G2: 3 | H2: 4 | I2: 5 | K2: 6 | L2: 7 | M2: 8 | N2: 9 | O2: 10 | P2: 11 | Q2: 12 | R2: 13 | S2: 11 | T2: JUMLAH | V2: 1 | W2: 2 | X2: 3 | Y2: 4 | Z2: 5 | AB2: 6 | AC2: 7 | AD2: 8 | AE2: 9 | AF2: 10 | AG2: 11 | AH2: 12 | AI2: 13 | AJ2: 16 | AK2: JUMLAH | AM2: 1 | AN2: 2 | AO2: 3 | AP2: 4 | AQ2: 5 | AS2: 6 | AT2: 7 | AU2: 8 | AV2: 9 | AW2: 10 | AX2: 11 | AY2: 12 | BA2: 13 | BB2: JUMLAH | BE2: 1 | BF2: 2 | BG2: 3 | BH2: 4 | BI2: 5 | BK2: 6 | BL2: 7 | BM2: 8 | BN2: 9 | BO2: 10 | BP2: 11 | BQ2: 12 | BR2: 13 | BS2: 14 | BT2: JUMLAH | BV2: 1 | BW2: 2 | BX2: 3 | BY2: 4 | BZ2: 5 | CA2: 6 | CB2: 7 | CD2: 8 | CE2: 9 | CF2: 10 | CG2: 11 | CH2: 12 | CI2: 13 | CJ2: 14 | CK2: JUMLAH
A3: ='MASTER GURU HARIAN'!A5 -> 1 | B3: ='MASTER GURU HARIAN'!B5 -> OMAN SOMANA, M.Pd. | C3: ='MASTER GURU HARIAN'!C5 -> G1 | D3: ='MASTER GURU HARIAN'!D5 -> OMAN | F3: =COUNTIF(JADWAL!F$6:F$195,$D3) -> 0 | G3: =COUNTIF(JADWAL!G$6:G$195,$D3) -> 0 | H3: =COUNTIF(JADWAL!H$6:H$195,$D3) -> 1 | I3: =COUNTIF(JADWAL!I$6:I$195,$D3) -> 1 | J3: =COUNTIF(JADWAL!J$6:J$195,$D3) -> 0 | K3: =COUNTIF(JADWAL!K$6:K$195,$D3) -> 1 | L3: =COUNTIF(JADWAL!L$6:L$195,$D3) -> 1 | M3: =COUNTIF(JADWAL!M$6:M$195,$D3) -> 0 | ... S3: =COUNTIF(JADWAL!S$6:S$195,$D3) -> 0 | T3: =SUM(D3:S3) -> 6 | V3: =COUNTIF(JADWAL!V$6:V$195,$D3) -> 0 | W3: =COUNTIF(JADWAL!W$6:W$195,$D3) -> 0 | X3: =COUNTIF(JADWAL!X$6:X$195,$D3) -> 0 | Y3: =COUNTIF(JADWAL!Y$6:Y$195,$D3) -> 0 | Z3: =COUNTIF(JADWAL!Z$6:Z$195,$D3) -> 0 | AB3: =COUNTIF(JADWAL!AB$6:AB$195,$D3) -> 0 | AC3: =COUNTIF(JADWAL!AC$6:AC$195,$D3) -> 0 | AD3: =COUNTIF(JADWAL!AD$6:AD$195,$D3) -> 0 | AE3: =COUNTIF(JADWAL!AE$6:AE$195,$D3) -> 0 | AF3: =COUNTIF(JADWAL!AF$6:AF$195,$D3) -> 0 | AG3: =COUNTIF(JADWAL!AG$6:AG$195,$D3) -> 0 | AH3: =COUNTIF(JADWAL!AH$6:AH$195,$D3) -> 0 | AK3: =SUM(V3:AJ3) -> 0 | AM3: =COUNTIF(JADWAL!AM$6:AM$195,$D3) -> 0 | AN3: =COUNTIF(JADWAL!AN$6:AN$195,$D3) -> 0 | AO3: =COUNTIF(JADWAL!AO$6:AO$195,$D3) -> 0 | AP3: =COUNTIF(JADWAL!AP$6:AP$195,$D3) -> 1 | AQ3: =COUNTIF(JADWAL!AQ$6:AQ$195,$D3) -> 1 | AS3: =COUNTIF(JADWAL!AS$6:AS$195,$D3) -> 0 | AT3: =COUNTIF(JADWAL!AT$6:AT$195,$D3) -> 0 | AU3: =COUNTIF(JADWAL!AU$6:AU$195,$D3) -> 0 | AV3: =COUNTIF(JADWAL!AV$6:AV$195,$D3) -> 1 | AW3: =COUNTIF(JADWAL!AW$6:AW$195,$D3) -> 1 | AX3: =COUNTIF(JADWAL!AX$6:AX$195,$D3) -> 1 | AY3: =COUNTIF(JADWAL!AY$6:AY$195,$D3) -> 1 | AZ3: =COUNTIF(JADWAL!AZ$6:AZ$195,$D3) -> 0 | BA3: =COUNTIF(JADWAL!BA$6:BA$195,$D3) -> 0 | BB3: =SUM(AL3:BA3) -> 6 | BE3: =COUNTIF(JADWAL!BF$6:BF$195,$D3) -> 1 | BF3: =COUNTIF(JADWAL!BG$6:BG$195,$D3) -> 1 | BG3: =COUNTIF(JADWAL!BH$6:BH$195,$D3) -> 1 | BH3: =COUNTIF(JADWAL!BI$6:BI$195,$D3) -> 1 | BI3: =COUNTIF(JADWAL!BJ$6:BJ$195,$D3) -> 0 | BK3: =COUNTIF(JADWAL!BL$6:BL$195,$D3) -> 1 | BL3: =COUNTIF(JADWAL!BM$6:BM$195,$D3) -> 1 | BM3: =COUNTIF(JADWAL!BN$6:BN$195,$D3) -> 0 | BN3: =COUNTIF(JADWAL!BO$6:BO$195,$D3) -> 0 | BO3: =COUNTIF(JADWAL!BP$6:BP$195,$D3) -> 0 | BP3: =COUNTIF(JADWAL!BQ$6:BQ$195,$D3) -> 0 | BQ3: =COUNTIF(JADWAL!BR$6:BR$195,$D3) -> 0 | BS3: =COUNTIF(JADWAL!BT$6:BT$195,$D3) -> 0 | BT3: =SUM(BE3:BS3) -> 6 | BV3: =COUNTIF(JADWAL!BW$6:BW$195,$D3) -> 0 | BW3: =COUNTIF(JADWAL!BX$6:BX$195,$D3) -> 0 | BX3: =COUNTIF(JADWAL!BY$6:BY$195,$D3) -> 0 | BY3: =COUNTIF(JADWAL!BZ$6:BZ$195,$D3) -> 1 | BZ3: =COUNTIF(JADWAL!CA$6:CA$195,$D3) -> 1 | CA3: =COUNTIF(JADWAL!CB$6:CB$195,$D3) -> 1 | CB3: =COUNTIF(JADWAL!CC$6:CC$195,$D3) -> 1 | CD3: =COUNTIF(JADWAL!CE$6:CE$195,$D3) -> 0 | CE3: =COUNTIF(JADWAL!CF$6:CF$195,$D3) -> 0 | CF3: =COUNTIF(JADWAL!CG$6:CG$195,$D3) -> 1 | CG3: =COUNTIF(JADWAL!CH$6:CH$195,$D3) -> 1 | CH3: =COUNTIF(JADWAL!CI$6:CI$195,$D3) -> 0 | CI3: =COUNTIF(JADWAL!CJ$6:CJ$195,$D3) -> 0 | CK3: =SUM(BV3:CJ3) -> 6 | CL3: =T3+AK3+BB3+BT3+CK3 -> 24
A4: ='MASTER GURU HARIAN'!A6 -> 2 | B4: ='MASTER GURU HARIAN'!B6 -> DADAN RUKMA DIAN DAWAN, S.Pd | C4: ='MASTER GURU HARIAN'!C6 -> G2 | D4: ='MASTER GURU HARIAN'!D6 -> DADAN | F4: =COUNTIF(JADWAL!F$6:F$195,$D4) -> 0 | G4: =COUNTIF(JADWAL!G$6:G$195,$D4) -> 0 | H4: =COUNTIF(JADWAL!H$6:H$195,$D4) -> 0 | I4: =COUNTIF(JADWAL!I$6:I$195,$D4) -> 0 | J4: =COUNTIF(JADWAL!J$6:J$195,$D4) -> 0 | K4: =COUNTIF(JADWAL!K$6:K$195,$D4) -> 0 | L4: =COUNTIF(JADWAL!L$6:L$195,$D4) -> 0 | M4: =COUNTIF(JADWAL!M$6:M$195,$D4) -> 0 | ... S4: =COUNTIF(JADWAL!S$6:S$195,$D4) -> 0 | T4: =SUM(D4:S4) -> 0 | V4: =COUNTIF(JADWAL!V$6:V$195,$D4) -> 1 | W4: =COUNTIF(JADWAL!W$6:W$195,$D4) -> 1 | X4: =COUNTIF(JADWAL!X$6:X$195,$D4) -> 1 | Y4: =COUNTIF(JADWAL!Y$6:Y$195,$D4) -> 0 | Z4: =COUNTIF(JADWAL!Z$6:Z$195,$D4) -> 1 | AB4: =COUNTIF(JADWAL!AB$6:AB$195,$D4) -> 1 | AC4: =COUNTIF(JADWAL!AC$6:AC$195,$D4) -> 1 | AD4: =COUNTIF(JADWAL!AD$6:AD$195,$D4) -> 0 | AE4: =COUNTIF(JADWAL!AE$6:AE$195,$D4) -> 0 | AF4: =COUNTIF(JADWAL!AF$6:AF$195,$D4) -> 0 | AG4: =COUNTIF(JADWAL!AG$6:AG$195,$D4) -> 0 | AH4: =COUNTIF(JADWAL!AH$6:AH$195,$D4) -> 0 | AK4: =SUM(V4:AJ4) -> 6 | AM4: =COUNTIF(JADWAL!AM$6:AM$195,$D4) -> 0 | AN4: =COUNTIF(JADWAL!AN$6:AN$195,$D4) -> 0 | AO4: =COUNTIF(JADWAL!AO$6:AO$195,$D4) -> 0 | AP4: =COUNTIF(JADWAL!AP$6:AP$195,$D4) -> 0 | AQ4: =COUNTIF(JADWAL!AQ$6:AQ$195,$D4) -> 0 | AS4: =COUNTIF(JADWAL!AS$6:AS$195,$D4) -> 0 | AT4: =COUNTIF(JADWAL!AT$6:AT$195,$D4) -> 0 | AU4: =COUNTIF(JADWAL!AU$6:AU$195,$D4) -> 0 | AV4: =COUNTIF(JADWAL!AV$6:AV$195,$D4) -> 0 | AW4: =COUNTIF(JADWAL!AW$6:AW$195,$D4) -> 1 | AX4: =COUNTIF(JADWAL!AX$6:AX$195,$D4) -> 1 | AY4: =COUNTIF(JADWAL!AY$6:AY$195,$D4) -> 1 | AZ4: =COUNTIF(JADWAL!AZ$6:AZ$195,$D4) -> 0 | BA4: =COUNTIF(JADWAL!BA$6:BA$195,$D4) -> 0 | BB4: =SUM(AL4:BA4) -> 3 | BE4: =COUNTIF(JADWAL!BF$6:BF$195,$D4) -> 0 | BF4: =COUNTIF(JADWAL!BG$6:BG$195,$D4) -> 0 | BG4: =COUNTIF(JADWAL!BH$6:BH$195,$D4) -> 0 | BH4: =COUNTIF(JADWAL!BI$6:BI$195,$D4) -> 0 | BI4: =COUNTIF(JADWAL!BJ$6:BJ$195,$D4) -> 1 | BK4: =COUNTIF(JADWAL!BL$6:BL$195,$D4) -> 1 | BL4: =COUNTIF(JADWAL!BM$6:BM$195,$D4) -> 1 | BM4: =COUNTIF(JADWAL!BN$6:BN$195,$D4) -> 0 | BN4: =COUNTIF(JADWAL!BO$6:BO$195,$D4) -> 0 | BO4: =COUNTIF(JADWAL!BP$6:BP$195,$D4) -> 0 | BP4: =COUNTIF(JADWAL!BQ$6:BQ$195,$D4) -> 0 | BQ4: =COUNTIF(JADWAL!BR$6:BR$195,$D4) -> 0 | BS4: =COUNTIF(JADWAL!BT$6:BT$195,$D4) -> 0 | BT4: =SUM(BE4:BS4) -> 3 | BV4: =COUNTIF(JADWAL!BW$6:BW$195,$D4) -> 0 | BW4: =COUNTIF(JADWAL!BX$6:BX$195,$D4) -> 1 | BX4: =COUNTIF(JADWAL!BY$6:BY$195,$D4) -> 1 | BY4: =COUNTIF(JADWAL!BZ$6:BZ$195,$D4) -> 1 | BZ4: =COUNTIF(JADWAL!CA$6:CA$195,$D4) -> 1 | CA4: =COUNTIF(JADWAL!CB$6:CB$195,$D4) -> 1 | CB4: =COUNTIF(JADWAL!CC$6:CC$195,$D4) -> 1 | CD4: =COUNTIF(JADWAL!CE$6:CE$195,$D4) -> 0 | CE4: =COUNTIF(JADWAL!CF$6:CF$195,$D4) -> 0 | CF4: =COUNTIF(JADWAL!CG$6:CG$195,$D4) -> 0 | CG4: =COUNTIF(JADWAL!CH$6:CH$195,$D4) -> 0 | CH4: =COUNTIF(JADWAL!CI$6:CI$195,$D4) -> 0 | CI4: =COUNTIF(JADWAL!CJ$6:CJ$195,$D4) -> 0 | CK4: =SUM(BV4:CJ4) -> 6 | CL4: =T4+AK4+BB4+BT4+CK4 -> 18
A5: ='MASTER GURU HARIAN'!A7 -> 3 | B5: ='MASTER GURU HARIAN'!B7 -> POPONG WARIATI, S.Pd. | C5: ='MASTER GURU HARIAN'!C7 -> G3 | D5: ='MASTER GURU HARIAN'!D7 -> POPONG | F5: =COUNTIF(JADWAL!F$6:F$195,$D5) -> 1 | G5: =COUNTIF(JADWAL!G$6:G$195,$D5) -> 1 | H5: =COUNTIF(JADWAL!H$6:H$195,$D5) -> 1 | I5: =COUNTIF(JADWAL!I$6:I$195,$D5) -> 1 | J5: =COUNTIF(JADWAL!J$6:J$195,$D5) -> 0 | K5: =COUNTIF(JADWAL!K$6:K$195,$D5) -> 1 | L5: =COUNTIF(JADWAL!L$6:L$195,$D5) -> 1 | M5: =COUNTIF(JADWAL!M$6:M$195,$D5) -> 1 | ... S5: =COUNTIF(JADWAL!S$6:S$195,$D5) -> 0 | T5: =SUM(D5:S5) -> 7 | V5: =COUNTIF(JADWAL!V$6:V$195,$D5) -> 1 | W5: =COUNTIF(JADWAL!W$6:W$195,$D5) -> 1 | X5: =COUNTIF(JADWAL!X$6:X$195,$D5) -> 1 | Y5: =COUNTIF(JADWAL!Y$6:Y$195,$D5) -> 1 | Z5: =COUNTIF(JADWAL!Z$6:Z$195,$D5) -> 1 | AB5: =COUNTIF(JADWAL!AB$6:AB$195,$D5) -> 0 | AC5: =COUNTIF(JADWAL!AC$6:AC$195,$D5) -> 1 | AD5: =COUNTIF(JADWAL!AD$6:AD$195,$D5) -> 1 | AE5: =COUNTIF(JADWAL!AE$6:AE$195,$D5) -> 0 | AF5: =COUNTIF(JADWAL!AF$6:AF$195,$D5) -> 0 | AG5: =COUNTIF(JADWAL!AG$6:AG$195,$D5) -> 0 | AH5: =COUNTIF(JADWAL!AH$6:AH$195,$D5) -> 0 | AK5: =SUM(V5:AJ5) -> 7 | AM5: =COUNTIF(JADWAL!AM$6:AM$195,$D5) -> 0 | AN5: =COUNTIF(JADWAL!AN$6:AN$195,$D5) -> 1 | AO5: =COUNTIF(JADWAL!AO$6:AO$195,$D5) -> 1 | AP5: =COUNTIF(JADWAL!AP$6:AP$195,$D5) -> 1 | AQ5: =COUNTIF(JADWAL!AQ$6:AQ$195,$D5) -> 1 | AS5: =COUNTIF(JADWAL!AS$6:AS$195,$D5) -> 1 | AT5: =COUNTIF(JADWAL!AT$6:AT$195,$D5) -> 1 | AU5: =COUNTIF(JADWAL!AU$6:AU$195,$D5) -> 0 | AV5: =COUNTIF(JADWAL!AV$6:AV$195,$D5) -> 0 | AW5: =COUNTIF(JADWAL!AW$6:AW$195,$D5) -> 0 | AX5: =COUNTIF(JADWAL!AX$6:AX$195,$D5) -> 0 | AY5: =COUNTIF(JADWAL!AY$6:AY$195,$D5) -> 0 | AZ5: =COUNTIF(JADWAL!AZ$6:AZ$195,$D5) -> 0 | BA5: =COUNTIF(JADWAL!BA$6:BA$195,$D5) -> 0 | BB5: =SUM(AL5:BA5) -> 6 | BE5: =COUNTIF(JADWAL!BF$6:BF$195,$D5) -> 0 | BF5: =COUNTIF(JADWAL!BG$6:BG$195,$D5) -> 0 | BG5: =COUNTIF(JADWAL!BH$6:BH$195,$D5) -> 1 | BH5: =COUNTIF(JADWAL!BI$6:BI$195,$D5) -> 1 | BI5: =COUNTIF(JADWAL!BJ$6:BJ$195,$D5) -> 1 | BK5: =COUNTIF(JADWAL!BL$6:BL$195,$D5) -> 1 | BL5: =COUNTIF(JADWAL!BM$6:BM$195,$D5) -> 1 | BM5: =COUNTIF(JADWAL!BN$6:BN$195,$D5) -> 0 | BN5: =COUNTIF(JADWAL!BO$6:BO$195,$D5) -> 0 | BO5: =COUNTIF(JADWAL!BP$6:BP$195,$D5) -> 0 | BP5: =COUNTIF(JADWAL!BQ$6:BQ$195,$D5) -> 0 | BQ5: =COUNTIF(JADWAL!BR$6:BR$195,$D5) -> 0 | BS5: =COUNTIF(JADWAL!BT$6:BT$195,$D5) -> 0 | BT5: =SUM(BE5:BS5) -> 5 | BV5: =COUNTIF(JADWAL!BW$6:BW$195,$D5) -> 0 | BW5: =COUNTIF(JADWAL!BX$6:BX$195,$D5) -> 0 | BX5: =COUNTIF(JADWAL!BY$6:BY$195,$D5) -> 0 | BY5: =COUNTIF(JADWAL!BZ$6:BZ$195,$D5) -> 0 | BZ5: =COUNTIF(JADWAL!CA$6:CA$195,$D5) -> 0 | CA5: =COUNTIF(JADWAL!CB$6:CB$195,$D5) -> 0 | CB5: =COUNTIF(JADWAL!CC$6:CC$195,$D5) -> 0 | CD5: =COUNTIF(JADWAL!CE$6:CE$195,$D5) -> 0 | CE5: =COUNTIF(JADWAL!CF$6:CF$195,$D5) -> 0 | CF5: =COUNTIF(JADWAL!CG$6:CG$195,$D5) -> 0 | CG5: =COUNTIF(JADWAL!CH$6:CH$195,$D5) -> 0 | CH5: =COUNTIF(JADWAL!CI$6:CI$195,$D5) -> 0 | CI5: =COUNTIF(JADWAL!CJ$6:CJ$195,$D5) -> 0 | CK5: =SUM(BV5:CJ5) -> 0 | CL5: =T5+AK5+BB5+BT5+CK5 -> 25
A6: ='MASTER GURU HARIAN'!A8 -> 4 | B6: ='MASTER GURU HARIAN'!B8 -> UJANG SUHARA, S.Pd. | C6: ='MASTER GURU HARIAN'!C8 -> G4 | D6: ='MASTER GURU HARIAN'!D8 -> UJANG | F6: =COUNTIF(JADWAL!F$6:F$195,$D6) -> 0 | G6: =COUNTIF(JADWAL!G$6:G$195,$D6) -> 0 | H6: =COUNTIF(JADWAL!H$6:H$195,$D6) -> 1 | I6: =COUNTIF(JADWAL!I$6:I$195,$D6) -> 1 | J6: =COUNTIF(JADWAL!J$6:J$195,$D6) -> 0 | K6: =COUNTIF(JADWAL!K$6:K$195,$D6) -> 0 | L6: =COUNTIF(JADWAL!L$6:L$195,$D6) -> 0 | M6: =COUNTIF(JADWAL!M$6:M$195,$D6) -> 0 | ... S6: =COUNTIF(JADWAL!S$6:S$195,$D6) -> 0 | T6: =SUM(D6:S6) -> 4 | V6: =COUNTIF(JADWAL!V$6:V$195,$D6) -> 0 | W6: =COUNTIF(JADWAL!W$6:W$195,$D6) -> 0 | X6: =COUNTIF(JADWAL!X$6:X$195,$D6) -> 1 | Y6: =COUNTIF(JADWAL!Y$6:Y$195,$D6) -> 1 | Z6: =COUNTIF(JADWAL!Z$6:Z$195,$D6) -> 1 | AB6: =COUNTIF(JADWAL!AB$6:AB$195,$D6) -> 1 | AC6: =COUNTIF(JADWAL!AC$6:AC$195,$D6) -> 0 | AD6: =COUNTIF(JADWAL!AD$6:AD$195,$D6) -> 0 | AE6: =COUNTIF(JADWAL!AE$6:AE$195,$D6) -> 0 | AF6: =COUNTIF(JADWAL!AF$6:AF$195,$D6) -> 1 | AG6: =COUNTIF(JADWAL!AG$6:AG$195,$D6) -> 1 | AH6: =COUNTIF(JADWAL!AH$6:AH$195,$D6) -> 0 | AK6: =SUM(V6:AJ6) -> 6 | AM6: =COUNTIF(JADWAL!AM$6:AM$195,$D6) -> 0 | AN6: =COUNTIF(JADWAL!AN$6:AN$195,$D6) -> 0 | AO6: =COUNTIF(JADWAL!AO$6:AO$195,$D6) -> 0 | AP6: =COUNTIF(JADWAL!AP$6:AP$195,$D6) -> 0 | AQ6: =COUNTIF(JADWAL!AQ$6:AQ$195,$D6) -> 0 | AS6: =COUNTIF(JADWAL!AS$6:AS$195,$D6) -> 0 | AT6: =COUNTIF(JADWAL!AT$6:AT$195,$D6) -> 0 | AU6: =COUNTIF(JADWAL!AU$6:AU$195,$D6) -> 0 | AV6: =COUNTIF(JADWAL!AV$6:AV$195,$D6) -> 0 | AW6: =COUNTIF(JADWAL!AW$6:AW$195,$D6) -> 0 | AX6: =COUNTIF(JADWAL!AX$6:AX$195,$D6) -> 0 | AY6: =COUNTIF(JADWAL!AY$6:AY$195,$D6) -> 0 | AZ6: =COUNTIF(JADWAL!AZ$6:AZ$195,$D6) -> 0 | BA6: =COUNTIF(JADWAL!BA$6:BA$195,$D6) -> 0 | BB6: =SUM(AL6:BA6) -> 0 | BE6: =COUNTIF(JADWAL!BF$6:BF$195,$D6) -> 1 | BF6: =COUNTIF(JADWAL!BG$6:BG$195,$D6) -> 1 | BG6: =COUNTIF(JADWAL!BH$6:BH$195,$D6) -> 1 | BH6: =COUNTIF(JADWAL!BI$6:BI$195,$D6) -> 1 | BI6: =COUNTIF(JADWAL!BJ$6:BJ$195,$D6) -> 1 | BK6: =COUNTIF(JADWAL!BL$6:BL$195,$D6) -> 1 | BL6: =COUNTIF(JADWAL!BM$6:BM$195,$D6) -> 1 | BM6: =COUNTIF(JADWAL!BN$6:BN$195,$D6) -> 0 | BN6: =COUNTIF(JADWAL!BO$6:BO$195,$D6) -> 1 | BO6: =COUNTIF(JADWAL!BP$6:BP$195,$D6) -> 0 | BP6: =COUNTIF(JADWAL!BQ$6:BQ$195,$D6) -> 0 | BQ6: =COUNTIF(JADWAL!BR$6:BR$195,$D6) -> 0 | BS6: =COUNTIF(JADWAL!BT$6:BT$195,$D6) -> 0 | BT6: =SUM(BE6:BS6) -> 8 | BV6: =COUNTIF(JADWAL!BW$6:BW$195,$D6) -> 0 | BW6: =COUNTIF(JADWAL!BX$6:BX$195,$D6) -> 1 | BX6: =COUNTIF(JADWAL!BY$6:BY$195,$D6) -> 1 | BY6: =COUNTIF(JADWAL!BZ$6:BZ$195,$D6) -> 1 | BZ6: =COUNTIF(JADWAL!CA$6:CA$195,$D6) -> 1 | CA6: =COUNTIF(JADWAL!CB$6:CB$195,$D6) -> 0 | CB6: =COUNTIF(JADWAL!CC$6:CC$195,$D6) -> 0 | CD6: =COUNTIF(JADWAL!CE$6:CE$195,$D6) -> 0 | CE6: =COUNTIF(JADWAL!CF$6:CF$195,$D6) -> 0 | CF6: =COUNTIF(JADWAL!CG$6:CG$195,$D6) -> 1 | CG6: =COUNTIF(JADWAL!CH$6:CH$195,$D6) -> 1 | CH6: =COUNTIF(JADWAL!CI$6:CI$195,$D6) -> 0 | CI6: =COUNTIF(JADWAL!CJ$6:CJ$195,$D6) -> 0 | CK6: =SUM(BV6:CJ6) -> 6 | CL6: =T6+AK6+BB6+BT6+CK6 -> 24
A7: ='MASTER GURU HARIAN'!A9 -> 5 | B7: ='MASTER GURU HARIAN'!B9 -> Dra. MIMY ARDIANY, M.Pd | C7: ='MASTER GURU HARIAN'!C9 -> G5 | D7: ='MASTER GURU HARIAN'!D9 -> MIMY | F7: =COUNTIF(JADWAL!F$6:F$195,$D7) -> 1 | G7: =COUNTIF(JADWAL!G$6:G$195,$D7) -> 1 | H7: =COUNTIF(JADWAL!H$6:H$195,$D7) -> 1 | I7: =COUNTIF(JADWAL!I$6:I$195,$D7) -> 1 | J7: =COUNTIF(JADWAL!J$6:J$195,$D7) -> 0 | K7: =COUNTIF(JADWAL!K$6:K$195,$D7) -> 0 | L7: =COUNTIF(JADWAL!L$6:L$195,$D7) -> 0 | M7: =COUNTIF(JADWAL!M$6:M$195,$D7) -> 0 | ... S7: =COUNTIF(JADWAL!S$6:S$195,$D7) -> 0 | T7: =SUM(D7:S7) -> 4 | V7: =COUNTIF(JADWAL!V$6:V$195,$D7) -> 0 | W7: =COUNTIF(JADWAL!W$6:W$195,$D7) -> 1 | X7: =COUNTIF(JADWAL!X$6:X$195,$D7) -> 1 | Y7: =COUNTIF(JADWAL!Y$6:Y$195,$D7) -> 1 | Z7: =COUNTIF(JADWAL!Z$6:Z$195,$D7) -> 1 | AB7: =COUNTIF(JADWAL!AB$6:AB$195,$D7) -> 1 | AC7: =COUNTIF(JADWAL!AC$6:AC$195,$D7) -> 1 | AD7: =COUNTIF(JADWAL!AD$6:AD$195,$D7) -> 0 | AE7: =COUNTIF(JADWAL!AE$6:AE$195,$D7) -> 1 | AF7: =COUNTIF(JADWAL!AF$6:AF$195,$D7) -> 1 | AG7: =COUNTIF(JADWAL!AG$6:AG$195,$D7) -> 1 | AH7: =COUNTIF(JADWAL!AH$6:AH$195,$D7) -> 0 | AK7: =SUM(V7:AJ7) -> 9 | AM7: =COUNTIF(JADWAL!AM$6:AM$195,$D7) -> 0 | AN7: =COUNTIF(JADWAL!AN$6:AN$195,$D7) -> 1 | AO7: =COUNTIF(JADWAL!AO$6:AO$195,$D7) -> 1 | AP7: =COUNTIF(JADWAL!AP$6:AP$195,$D7) -> 0 | AQ7: =COUNTIF(JADWAL!AQ$6:AQ$195,$D7) -> 0 | AS7: =COUNTIF(JADWAL!AS$6:AS$195,$D7) -> 0 | AT7: =COUNTIF(JADWAL!AT$6:AT$195,$D7) -> 1 | AU7: =COUNTIF(JADWAL!AU$6:AU$195,$D7) -> 1 | AV7: =COUNTIF(JADWAL!AV$6:AV$195,$D7) -> 0 | AW7: =COUNTIF(JADWAL!AW$6:AW$195,$D7) -> 1 | AX7: =COUNTIF(JADWAL!AX$6:AX$195,$D7) -> 1 | AY7: =COUNTIF(JADWAL!AY$6:AY$195,$D7) -> 0 | AZ7: =COUNTIF(JADWAL!AZ$6:AZ$195,$D7) -> 0 | BA7: =COUNTIF(JADWAL!BA$6:BA$195,$D7) -> 0 | BB7: =SUM(AL7:BA7) -> 6 | BE7: =COUNTIF(JADWAL!BF$6:BF$195,$D7) -> 1 | BF7: =COUNTIF(JADWAL!BG$6:BG$195,$D7) -> 1 | BG7: =COUNTIF(JADWAL!BH$6:BH$195,$D7) -> 1 | BH7: =COUNTIF(JADWAL!BI$6:BI$195,$D7) -> 1 | BI7: =COUNTIF(JADWAL!BJ$6:BJ$195,$D7) -> 0 | BK7: =COUNTIF(JADWAL!BL$6:BL$195,$D7) -> 0 | BL7: =COUNTIF(JADWAL!BM$6:BM$195,$D7) -> 1 | BM7: =COUNTIF(JADWAL!BN$6:BN$195,$D7) -> 1 | BN7: =COUNTIF(JADWAL!BO$6:BO$195,$D7) -> 0 | BO7: =COUNTIF(JADWAL!BP$6:BP$195,$D7) -> 0 | BP7: =COUNTIF(JADWAL!BQ$6:BQ$195,$D7) -> 0 | BQ7: =COUNTIF(JADWAL!BR$6:BR$195,$D7) -> 0 | BS7: =COUNTIF(JADWAL!BT$6:BT$195,$D7) -> 0 | BT7: =SUM(BE7:BS7) -> 6 | BV7: =COUNTIF(JADWAL!BW$6:BW$195,$D7) -> 0 | BW7: =COUNTIF(JADWAL!BX$6:BX$195,$D7) -> 0 | BX7: =COUNTIF(JADWAL!BY$6:BY$195,$D7) -> 0 | BY7: =COUNTIF(JADWAL!BZ$6:BZ$195,$D7) -> 0 | BZ7: =COUNTIF(JADWAL!CA$6:CA$195,$D7) -> 0 | CA7: =COUNTIF(JADWAL!CB$6:CB$195,$D7) -> 0 | CB7: =COUNTIF(JADWAL!CC$6:CC$195,$D7) -> 0 | CD7: =COUNTIF(JADWAL!CE$6:CE$195,$D7) -> 0 | CE7: =COUNTIF(JADWAL!CF$6:CF$195,$D7) -> 0 | CF7: =COUNTIF(JADWAL!CG$6:CG$195,$D7) -> 0 | CG7: =COUNTIF(JADWAL!CH$6:CH$195,$D7) -> 0 | CH7: =COUNTIF(JADWAL!CI$6:CI$195,$D7) -> 0 | CI7: =COUNTIF(JADWAL!CJ$6:CJ$195,$D7) -> 0 | CK7: =SUM(BV7:CJ7) -> 0 | CL7: =T7+AK7+BB7+BT7+CK7 -> 25
A8: ='MASTER GURU HARIAN'!A10 -> 6 | B8: ='MASTER GURU HARIAN'!B10 -> SARINAH Br GINTING, M.Pd. | C8: ='MASTER GURU HARIAN'!C10 -> G6 | D8: ='MASTER GURU HARIAN'!D10 -> SARI | F8: =COUNTIF(JADWAL!F$6:F$195,$D8) -> 0 | G8: =COUNTIF(JADWAL!G$6:G$195,$D8) -> 0 | H8: =COUNTIF(JADWAL!H$6:H$195,$D8) -> 0 | I8: =COUNTIF(JADWAL!I$6:I$195,$D8) -> 0 | J8: =COUNTIF(JADWAL!J$6:J$195,$D8) -> 0 | K8: =COUNTIF(JADWAL!K$6:K$195,$D8) -> 0 | L8: =COUNTIF(JADWAL!L$6:L$195,$D8) -> 0 | M8: =COUNTIF(JADWAL!M$6:M$195,$D8) -> 0 | ... S8: =COUNTIF(JADWAL!S$6:S$195,$D8) -> 0 | T8: =SUM(D8:S8) -> 3 | V8: =COUNTIF(JADWAL!V$6:V$195,$D8) -> 0 | W8: =COUNTIF(JADWAL!W$6:W$195,$D8) -> 0 | X8: =COUNTIF(JADWAL!X$6:X$195,$D8) -> 0 | Y8: =COUNTIF(JADWAL!Y$6:Y$195,$D8) -> 1 | Z8: =COUNTIF(JADWAL!Z$6:Z$195,$D8) -> 1 | AB8: =COUNTIF(JADWAL!AB$6:AB$195,$D8) -> 1 | AC8: =COUNTIF(JADWAL!AC$6:AC$195,$D8) -> 0 | AD8: =COUNTIF(JADWAL!AD$6:AD$195,$D8) -> 0 | AE8: =COUNTIF(JADWAL!AE$6:AE$195,$D8) -> 1 | AF8: =COUNTIF(JADWAL!AF$6:AF$195,$D8) -> 1 | AG8: =COUNTIF(JADWAL!AG$6:AG$195,$D8) -> 1 | AH8: =COUNTIF(JADWAL!AH$6:AH$195,$D8) -> 0 | AK8: =SUM(V8:AJ8) -> 6 | AM8: =COUNTIF(JADWAL!AM$6:AM$195,$D8) -> 0 | AN8: =COUNTIF(JADWAL!AN$6:AN$195,$D8) -> 0 | AO8: =COUNTIF(JADWAL!AO$6:AO$195,$D8) -> 0 | AP8: =COUNTIF(JADWAL!AP$6:AP$195,$D8) -> 0 | AQ8: =COUNTIF(JADWAL!AQ$6:AQ$195,$D8) -> 0 | AS8: =COUNTIF(JADWAL!AS$6:AS$195,$D8) -> 0 | AT8: =COUNTIF(JADWAL!AT$6:AT$195,$D8) -> 0 | AU8: =COUNTIF(JADWAL!AU$6:AU$195,$D8) -> 0 | AV8: =COUNTIF(JADWAL!AV$6:AV$195,$D8) -> 0 | AW8: =COUNTIF(JADWAL!AW$6:AW$195,$D8) -> 0 | AX8: =COUNTIF(JADWAL!AX$6:AX$195,$D8) -> 0 | AY8: =COUNTIF(JADWAL!AY$6:AY$195,$D8) -> 0 | AZ8: =COUNTIF(JADWAL!AZ$6:AZ$195,$D8) -> 0 | BA8: =COUNTIF(JADWAL!BA$6:BA$195,$D8) -> 0 | BB8: =SUM(AL8:BA8) -> 0 | BE8: =COUNTIF(JADWAL!BF$6:BF$195,$D8) -> 1 | BF8: =COUNTIF(JADWAL!BG$6:BG$195,$D8) -> 1 | BG8: =COUNTIF(JADWAL!BH$6:BH$195,$D8) -> 1 | BH8: =COUNTIF(JADWAL!BI$6:BI$195,$D8) -> 0 | BI8: =COUNTIF(JADWAL!BJ$6:BJ$195,$D8) -> 0 | BK8: =COUNTIF(JADWAL!BL$6:BL$195,$D8) -> 0 | BL8: =COUNTIF(JADWAL!BM$6:BM$195,$D8) -> 1 | BM8: =COUNTIF(JADWAL!BN$6:BN$195,$D8) -> 0 | BN8: =COUNTIF(JADWAL!BO$6:BO$195,$D8) -> 1 | BO8: =COUNTIF(JADWAL!BP$6:BP$195,$D8) -> 1 | BP8: =COUNTIF(JADWAL!BQ$6:BQ$195,$D8) -> 0 | BQ8: =COUNTIF(JADWAL!BR$6:BR$195,$D8) -> 0 | BS8: =COUNTIF(JADWAL!BT$6:BT$195,$D8) -> 0 | BT8: =SUM(BE8:BS8) -> 6 | BV8: =COUNTIF(JADWAL!BW$6:BW$195,$D8) -> 0 | BW8: =COUNTIF(JADWAL!BX$6:BX$195,$D8) -> 1 | BX8: =COUNTIF(JADWAL!BY$6:BY$195,$D8) -> 1 | BY8: =COUNTIF(JADWAL!BZ$6:BZ$195,$D8) -> 1 | BZ8: =COUNTIF(JADWAL!CA$6:CA$195,$D8) -> 1 | CA8: =COUNTIF(JADWAL!CB$6:CB$195,$D8) -> 1 | CB8: =COUNTIF(JADWAL!CC$6:CC$195,$D8) -> 1 | CD8: =COUNTIF(JADWAL!CE$6:CE$195,$D8) -> 1 | CE8: =COUNTIF(JADWAL!CF$6:CF$195,$D8) -> 1 | CF8: =COUNTIF(JADWAL!CG$6:CG$195,$D8) -> 1 | CG8: =COUNTIF(JADWAL!CH$6:CH$195,$D8) -> 0 | CH8: =COUNTIF(JADWAL!CI$6:CI$195,$D8) -> 0 | CI8: =COUNTIF(JADWAL!CJ$6:CJ$195,$D8) -> 0 | CK8: =SUM(BV8:CJ8) -> 9 | CL8: =T8+AK8+BB8+BT8+CK8 -> 24
A9: ='MASTER GURU HARIAN'!A11 -> 7 | B9: ='MASTER GURU HARIAN'!B11 -> TAUFIK HIDAYAT,M.M.Pd | C9: ='MASTER GURU HARIAN'!C11 -> G7 | D9: ='MASTER GURU HARIAN'!D11 -> TAUFIK | F9: =COUNTIF(JADWAL!F$6:F$195,$D9) -> 1 | G9: =COUNTIF(JADWAL!G$6:G$195,$D9) -> 1 | H9: =COUNTIF(JADWAL!H$6:H$195,$D9) -> 1 | I9: =COUNTIF(JADWAL!I$6:I$195,$D9) -> 1 | J9: =COUNTIF(JADWAL!J$6:J$195,$D9) -> 0 | K9: =COUNTIF(JADWAL!K$6:K$195,$D9) -> 0 | L9: =COUNTIF(JADWAL!L$6:L$195,$D9) -> 0 | M9: =COUNTIF(JADWAL!M$6:M$195,$D9) -> 0 | ... S9: =COUNTIF(JADWAL!S$6:S$195,$D9) -> 0 | T9: =SUM(D9:S9) -> 8 | V9: =COUNTIF(JADWAL!V$6:V$195,$D9) -> 1 | W9: =COUNTIF(JADWAL!W$6:W$195,$D9) -> 1 | X9: =COUNTIF(JADWAL!X$6:X$195,$D9) -> 1 | Y9: =COUNTIF(JADWAL!Y$6:Y$195,$D9) -> 1 | Z9: =COUNTIF(JADWAL!Z$6:Z$195,$D9) -> 0 | AB9: =COUNTIF(JADWAL!AB$6:AB$195,$D9) -> 0 | AC9: =COUNTIF(JADWAL!AC$6:AC$195,$D9) -> 0 | AD9: =COUNTIF(JADWAL!AD$6:AD$195,$D9) -> 0 | AE9: =COUNTIF(JADWAL!AE$6:AE$195,$D9) -> 0 | AF9: =COUNTIF(JADWAL!AF$6:AF$195,$D9) -> 1 | AG9: =COUNTIF(JADWAL!AG$6:AG$195,$D9) -> 1 | AH9: =COUNTIF(JADWAL!AH$6:AH$195,$D9) -> 0 | AK9: =SUM(V9:AJ9) -> 6 | AM9: =COUNTIF(JADWAL!AM$6:AM$195,$D9) -> 0 | AN9: =COUNTIF(JADWAL!AN$6:AN$195,$D9) -> 1 | AO9: =COUNTIF(JADWAL!AO$6:AO$195,$D9) -> 1 | AP9: =COUNTIF(JADWAL!AP$6:AP$195,$D9) -> 1 | AQ9: =COUNTIF(JADWAL!AQ$6:AQ$195,$D9) -> 1 | AS9: =COUNTIF(JADWAL!AS$6:AS$195,$D9) -> 0 | AT9: =COUNTIF(JADWAL!AT$6:AT$195,$D9) -> 0 | AU9: =COUNTIF(JADWAL!AU$6:AU$195,$D9) -> 0 | AV9: =COUNTIF(JADWAL!AV$6:AV$195,$D9) -> 1 | AW9: =COUNTIF(JADWAL!AW$6:AW$195,$D9) -> 1 | AX9: =COUNTIF(JADWAL!AX$6:AX$195,$D9) -> 1 | AY9: =COUNTIF(JADWAL!AY$6:AY$195,$D9) -> 1 | AZ9: =COUNTIF(JADWAL!AZ$6:AZ$195,$D9) -> 0 | BA9: =COUNTIF(JADWAL!BA$6:BA$195,$D9) -> 0 | BB9: =SUM(AL9:BA9) -> 8 | BE9: =COUNTIF(JADWAL!BF$6:BF$195,$D9) -> 0 | BF9: =COUNTIF(JADWAL!BG$6:BG$195,$D9) -> 0 | BG9: =COUNTIF(JADWAL!BH$6:BH$195,$D9) -> 1 | BH9: =COUNTIF(JADWAL!BI$6:BI$195,$D9) -> 2 | BI9: =COUNTIF(JADWAL!BJ$6:BJ$195,$D9) -> 1 | BK9: =COUNTIF(JADWAL!BL$6:BL$195,$D9) -> 0 | BL9: =COUNTIF(JADWAL!BM$6:BM$195,$D9) -> 0 | BM9: =COUNTIF(JADWAL!BN$6:BN$195,$D9) -> 0 | BN9: =COUNTIF(JADWAL!BO$6:BO$195,$D9) -> 1 | BO9: =COUNTIF(JADWAL!BP$6:BP$195,$D9) -> 1 | BP9: =COUNTIF(JADWAL!BQ$6:BQ$195,$D9) -> 0 | BQ9: =COUNTIF(JADWAL!BR$6:BR$195,$D9) -> 0 | BS9: =COUNTIF(JADWAL!BT$6:BT$195,$D9) -> 0 | BT9: =SUM(BE9:BS9) -> 6 | BV9: =COUNTIF(JADWAL!BW$6:BW$195,$D9) -> 0 | BW9: =COUNTIF(JADWAL!BX$6:BX$195,$D9) -> 0 | BX9: =COUNTIF(JADWAL!BY$6:BY$195,$D9) -> 0 | BY9: =COUNTIF(JADWAL!BZ$6:BZ$195,$D9) -> 0 | BZ9: =COUNTIF(JADWAL!CA$6:CA$195,$D9) -> 0 | CA9: =COUNTIF(JADWAL!CB$6:CB$195,$D9) -> 0 | CB9: =COUNTIF(JADWAL!CC$6:CC$195,$D9) -> 0 | CD9: =COUNTIF(JADWAL!CE$6:CE$195,$D9) -> 0 | CE9: =COUNTIF(JADWAL!CF$6:CF$195,$D9) -> 0 | CF9: =COUNTIF(JADWAL!CG$6:CG$195,$D9) -> 0 | CG9: =COUNTIF(JADWAL!CH$6:CH$195,$D9) -> 0 | CH9: =COUNTIF(JADWAL!CI$6:CI$195,$D9) -> 0 | CI9: =COUNTIF(JADWAL!CJ$6:CJ$195,$D9) -> 0 | CK9: =SUM(BV9:CJ9) -> 0 | CL9: =T9+AK9+BB9+BT9+CK9 -> 28
A10: ='MASTER GURU HARIAN'!A12 -> 8 | B10: ='MASTER GURU HARIAN'!B12 -> RITA HARTATI, S.Pd, M.T. | C10: ='MASTER GURU HARIAN'!C12 -> G8 | D10: ='MASTER GURU HARIAN'!D12 -> RITA | F10: =COUNTIF(JADWAL!F$6:F$195,$D10) -> 1 | G10: =COUNTIF(JADWAL!G$6:G$195,$D10) -> 1 | H10: =COUNTIF(JADWAL!H$6:H$195,$D10) -> 1 | I10: =COUNTIF(JADWAL!I$6:I$195,$D10) -> 1 | J10: =COUNTIF(JADWAL!J$6:J$195,$D10) -> 0 | K10: =COUNTIF(JADWAL!K$6:K$195,$D10) -> 1 | L10: =COUNTIF(JADWAL!L$6:L$195,$D10) -> 1 | M10: =COUNTIF(JADWAL!M$6:M$195,$D10) -> 0 | ... S10: =COUNTIF(JADWAL!S$6:S$195,$D10) -> 0 | T10: =SUM(D10:S10) -> 6 | V10: =COUNTIF(JADWAL!V$6:V$195,$D10) -> 1 | W10: =COUNTIF(JADWAL!W$6:W$195,$D10) -> 1 | X10: =COUNTIF(JADWAL!X$6:X$195,$D10) -> 1 | Y10: =COUNTIF(JADWAL!Y$6:Y$195,$D10) -> 1 | Z10: =COUNTIF(JADWAL!Z$6:Z$195,$D10) -> 0 | AB10: =COUNTIF(JADWAL!AB$6:AB$195,$D10) -> 1 | AC10: =COUNTIF(JADWAL!AC$6:AC$195,$D10) -> 1 | AD10: =COUNTIF(JADWAL!AD$6:AD$195,$D10) -> 0 | AE10: =COUNTIF(JADWAL!AE$6:AE$195,$D10) -> 1 | AF10: =COUNTIF(JADWAL!AF$6:AF$195,$D10) -> 0 | AG10: =COUNTIF(JADWAL!AG$6:AG$195,$D10) -> 0 | AH10: =COUNTIF(JADWAL!AH$6:AH$195,$D10) -> 0 | AK10: =SUM(V10:AJ10) -> 7 | AM10: =COUNTIF(JADWAL!AM$6:AM$195,$D10) -> 0 | AN10: =COUNTIF(JADWAL!AN$6:AN$195,$D10) -> 1 | AO10: =COUNTIF(JADWAL!AO$6:AO$195,$D10) -> 1 | AP10: =COUNTIF(JADWAL!AP$6:AP$195,$D10) -> 1 | AQ10: =COUNTIF(JADWAL!AQ$6:AQ$195,$D10) -> 0 | AS10: =COUNTIF(JADWAL!AS$6:AS$195,$D10) -> 0 | AT10: =COUNTIF(JADWAL!AT$6:AT$195,$D10) -> 0 | AU10: =COUNTIF(JADWAL!AU$6:AU$195,$D10) -> 0 | AV10: =COUNTIF(JADWAL!AV$6:AV$195,$D10) -> 1 | AW10: =COUNTIF(JADWAL!AW$6:AW$195,$D10) -> 1 | AX10: =COUNTIF(JADWAL!AX$6:AX$195,$D10) -> 1 | AY10: =COUNTIF(JADWAL!AY$6:AY$195,$D10) -> 0 | AZ10: =COUNTIF(JADWAL!AZ$6:AZ$195,$D10) -> 0 | BA10: =COUNTIF(JADWAL!BA$6:BA$195,$D10) -> 0 | BB10: =SUM(AL10:BA10) -> 6 | BE10: =COUNTIF(JADWAL!BF$6:BF$195,$D10) -> 1 | BF10: =COUNTIF(JADWAL!BG$6:BG$195,$D10) -> 1 | BG10: =COUNTIF(JADWAL!BH$6:BH$195,$D10) -> 1 | BH10: =COUNTIF(JADWAL!BI$6:BI$195,$D10) -> 1 | BI10: =COUNTIF(JADWAL!BJ$6:BJ$195,$D10) -> 0 | BK10: =COUNTIF(JADWAL!BL$6:BL$195,$D10) -> 1 | BL10: =COUNTIF(JADWAL!BM$6:BM$195,$D10) -> 1 | BM10: =COUNTIF(JADWAL!BN$6:BN$195,$D10) -> 0 | BN10: =COUNTIF(JADWAL!BO$6:BO$195,$D10) -> 1 | BO10: =COUNTIF(JADWAL!BP$6:BP$195,$D10) -> 1 | BP10: =COUNTIF(JADWAL!BQ$6:BQ$195,$D10) -> 0 | BQ10: =COUNTIF(JADWAL!BR$6:BR$195,$D10) -> 0 | BS10: =COUNTIF(JADWAL!BT$6:BT$195,$D10) -> 0 | BT10: =SUM(BE10:BS10) -> 8 | BV10: =COUNTIF(JADWAL!BW$6:BW$195,$D10) -> 0 | BW10: =COUNTIF(JADWAL!BX$6:BX$195,$D10) -> 0 | BX10: =COUNTIF(JADWAL!BY$6:BY$195,$D10) -> 0 | BY10: =COUNTIF(JADWAL!BZ$6:BZ$195,$D10) -> 0 | BZ10: =COUNTIF(JADWAL!CA$6:CA$195,$D10) -> 0 | CA10: =COUNTIF(JADWAL!CB$6:CB$195,$D10) -> 0 | CB10: =COUNTIF(JADWAL!CC$6:CC$195,$D10) -> 0 | CD10: =COUNTIF(JADWAL!CE$6:CE$195,$D10) -> 0 | CE10: =COUNTIF(JADWAL!CF$6:CF$195,$D10) -> 0 | CF10: =COUNTIF(JADWAL!CG$6:CG$195,$D10) -> 0 | CG10: =COUNTIF(JADWAL!CH$6:CH$195,$D10) -> 0 | CH10: =COUNTIF(JADWAL!CI$6:CI$195,$D10) -> 0 | CI10: =COUNTIF(JADWAL!CJ$6:CJ$195,$D10) -> 0 | CK10: =SUM(BV10:CJ10) -> 0 | CL10: =T10+AK10+BB10+BT10+CK10 -> 27
A11: ='MASTER GURU HARIAN'!A13 -> 9 | B11: ='MASTER GURU HARIAN'!B13 -> ADE HARTONO, S.Pd. | C11: ='MASTER GURU HARIAN'!C13 -> G9 | D11: ='MASTER GURU HARIAN'!D13 -> ADE | F11: =COUNTIF(JADWAL!F$6:F$195,$D11) -> 0 | G11: =COUNTIF(JADWAL!G$6:G$195,$D11) -> 1 | H11: =COUNTIF(JADWAL!H$6:H$195,$D11) -> 1 | I11: =COUNTIF(JADWAL!I$6:I$195,$D11) -> 1 | J11: =COUNTIF(JADWAL!J$6:J$195,$D11) -> 0 | K11: =COUNTIF(JADWAL!K$6:K$195,$D11) -> 1 | L11: =COUNTIF(JADWAL!L$6:L$195,$D11) -> 1 | M11: =COUNTIF(JADWAL!M$6:M$195,$D11) -> 0 | ... S11: =COUNTIF(JADWAL!S$6:S$195,$D11) -> 0 | T11: =SUM(D11:S11) -> 9 | V11: =COUNTIF(JADWAL!V$6:V$195,$D11) -> 0 | W11: =COUNTIF(JADWAL!W$6:W$195,$D11) -> 0 | X11: =COUNTIF(JADWAL!X$6:X$195,$D11) -> 0 | Y11: =COUNTIF(JADWAL!Y$6:Y$195,$D11) -> 0 | Z11: =COUNTIF(JADWAL!Z$6:Z$195,$D11) -> 0 | AB11: =COUNTIF(JADWAL!AB$6:AB$195,$D11) -> 0 | AC11: =COUNTIF(JADWAL!AC$6:AC$195,$D11) -> 0 | AD11: =COUNTIF(JADWAL!AD$6:AD$195,$D11) -> 0 | AE11: =COUNTIF(JADWAL!AE$6:AE$195,$D11) -> 0 | AF11: =COUNTIF(JADWAL!AF$6:AF$195,$D11) -> 0 | AG11: =COUNTIF(JADWAL!AG$6:AG$195,$D11) -> 0 | AH11: =COUNTIF(JADWAL!AH$6:AH$195,$D11) -> 0 | AK11: =SUM(V11:AJ11) -> 0 | AM11: =COUNTIF(JADWAL!AM$6:AM$195,$D11) -> 0 | AN11: =COUNTIF(JADWAL!AN$6:AN$195,$D11) -> 0 | AO11: =COUNTIF(JADWAL!AO$6:AO$195,$D11) -> 0 | AP11: =COUNTIF(JADWAL!AP$6:AP$195,$D11) -> 0 | AQ11: =COUNTIF(JADWAL!AQ$6:AQ$195,$D11) -> 0 | AS11: =COUNTIF(JADWAL!AS$6:AS$195,$D11) -> 0 | AT11: =COUNTIF(JADWAL!AT$6:AT$195,$D11) -> 0 | AU11: =COUNTIF(JADWAL!AU$6:AU$195,$D11) -> 0 | AV11: =COUNTIF(JADWAL!AV$6:AV$195,$D11) -> 0 | AW11: =COUNTIF(JADWAL!AW$6:AW$195,$D11) -> 0 | AX11: =COUNTIF(JADWAL!AX$6:AX$195,$D11) -> 0 | AY11: =COUNTIF(JADWAL!AY$6:AY$195,$D11) -> 0 | AZ11: =COUNTIF(JADWAL!AZ$6:AZ$195,$D11) -> 0 | BA11: =COUNTIF(JADWAL!BA$6:BA$195,$D11) -> 0 | BB11: =SUM(AL11:BA11) -> 0 | BE11: =COUNTIF(JADWAL!BF$6:BF$195,$D11) -> 1 | BF11: =COUNTIF(JADWAL!BG$6:BG$195,$D11) -> 1 | BG11: =COUNTIF(JADWAL!BH$6:BH$195,$D11) -> 1 | BH11: =COUNTIF(JADWAL!BI$6:BI$195,$D11) -> 1 | BI11: =COUNTIF(JADWAL!BJ$6:BJ$195,$D11) -> 1 | BK11: =COUNTIF(JADWAL!BL$6:BL$195,$D11) -> 1 | BL11: =COUNTIF(JADWAL!BM$6:BM$195,$D11) -> 1 | BM11: =COUNTIF(JADWAL!BN$6:BN$195,$D11) -> 0 | BN11: =COUNTIF(JADWAL!BO$6:BO$195,$D11) -> 1 | BO11: =COUNTIF(JADWAL!BP$6:BP$195,$D11) -> 1 | BP11: =COUNTIF(JADWAL!BQ$6:BQ$195,$D11) -> 0 | BQ11: =COUNTIF(JADWAL!BR$6:BR$195,$D11) -> 0 | BS11: =COUNTIF(JADWAL!BT$6:BT$195,$D11) -> 0 | BT11: =SUM(BE11:BS11) -> 9 | BV11: =COUNTIF(JADWAL!BW$6:BW$195,$D11) -> 0 | BW11: =COUNTIF(JADWAL!BX$6:BX$195,$D11) -> 1 | BX11: =COUNTIF(JADWAL!BY$6:BY$195,$D11) -> 1 | BY11: =COUNTIF(JADWAL!BZ$6:BZ$195,$D11) -> 1 | BZ11: =COUNTIF(JADWAL!CA$6:CA$195,$D11) -> 1 | CA11: =COUNTIF(JADWAL!CB$6:CB$195,$D11) -> 1 | CB11: =COUNTIF(JADWAL!CC$6:CC$195,$D11) -> 1 | CD11: =COUNTIF(JADWAL!CE$6:CE$195,$D11) -> 1 | CE11: =COUNTIF(JADWAL!CF$6:CF$195,$D11) -> 1 | CF11: =COUNTIF(JADWAL!CG$6:CG$195,$D11) -> 1 | CG11: =COUNTIF(JADWAL!CH$6:CH$195,$D11) -> 0 | CH11: =COUNTIF(JADWAL!CI$6:CI$195,$D11) -> 0 | CI11: =COUNTIF(JADWAL!CJ$6:CJ$195,$D11) -> 0 | CK11: =SUM(BV11:CJ11) -> 9 | CL11: =T11+AK11+BB11+BT11+CK11 -> 27
A12: ='MASTER GURU HARIAN'!A14 -> 10 | B12: ='MASTER GURU HARIAN'!B14 -> TITA HERIYANTI, S.Pd. | C12: ='MASTER GURU HARIAN'!C14 -> G10 | D12: ='MASTER GURU HARIAN'!D14 -> TITA | F12: =COUNTIF(JADWAL!F$6:F$195,$D12) -> 0 | G12: =COUNTIF(JADWAL!G$6:G$195,$D12) -> 0 | H12: =COUNTIF(JADWAL!H$6:H$195,$D12) -> 0 | I12: =COUNTIF(JADWAL!I$6:I$195,$D12) -> 1 | J12: =COUNTIF(JADWAL!J$6:J$195,$D12) -> 0 | K12: =COUNTIF(JADWAL!K$6:K$195,$D12) -> 1 | L12: =COUNTIF(JADWAL!L$6:L$195,$D12) -> 1 | M12: =COUNTIF(JADWAL!M$6:M$195,$D12) -> 0 | ... S12: =COUNTIF(JADWAL!S$6:S$195,$D12) -> 0 | T12: =SUM(D12:S12) -> 7 | V12: =COUNTIF(JADWAL!V$6:V$195,$D12) -> 1 | W12: =COUNTIF(JADWAL!W$6:W$195,$D12) -> 1 | X12: =COUNTIF(JADWAL!X$6:X$195,$D12) -> 0 | Y12: =COUNTIF(JADWAL!Y$6:Y$195,$D12) -> 0 | Z12: =COUNTIF(JADWAL!Z$6:Z$195,$D12) -> 0 | AB12: =COUNTIF(JADWAL!AB$6:AB$195,$D12) -> 0 | AC12: =COUNTIF(JADWAL!AC$6:AC$195,$D12) -> 0 | AD12: =COUNTIF(JADWAL!AD$6:AD$195,$D12) -> 0 | AE12: =COUNTIF(JADWAL!AE$6:AE$195,$D12) -> 0 | AF12: =COUNTIF(JADWAL!AF$6:AF$195,$D12) -> 0 | AG12: =COUNTIF(JADWAL!AG$6:AG$195,$D12) -> 0 | AH12: =COUNTIF(JADWAL!AH$6:AH$195,$D12) -> 0 | AK12: =SUM(V12:AJ12) -> 2 | AM12: =COUNTIF(JADWAL!AM$6:AM$195,$D12) -> 0 | AN12: =COUNTIF(JADWAL!AN$6:AN$195,$D12) -> 0 | AO12: =COUNTIF(JADWAL!AO$6:AO$195,$D12) -> 0 | AP12: =COUNTIF(JADWAL!AP$6:AP$195,$D12) -> 1 | AQ12: =COUNTIF(JADWAL!AQ$6:AQ$195,$D12) -> 1 | AS12: =COUNTIF(JADWAL!AS$6:AS$195,$D12) -> 1 | AT12: =COUNTIF(JADWAL!AT$6:AT$195,$D12) -> 1 | AU12: =COUNTIF(JADWAL!AU$6:AU$195,$D12) -> 0 | AV12: =COUNTIF(JADWAL!AV$6:AV$195,$D12) -> 1 | AW12: =COUNTIF(JADWAL!AW$6:AW$195,$D12) -> 1 | AX12: =COUNTIF(JADWAL!AX$6:AX$195,$D12) -> 1 | AY12: =COUNTIF(JADWAL!AY$6:AY$195,$D12) -> 1 | AZ12: =COUNTIF(JADWAL!AZ$6:AZ$195,$D12) -> 0 | BA12: =COUNTIF(JADWAL!BA$6:BA$195,$D12) -> 0 | BB12: =SUM(AL12:BA12) -> 8 | BE12: =COUNTIF(JADWAL!BF$6:BF$195,$D12) -> 1 | BF12: =COUNTIF(JADWAL!BG$6:BG$195,$D12) -> 1 | BG12: =COUNTIF(JADWAL!BH$6:BH$195,$D12) -> 1 | BH12: =COUNTIF(JADWAL!BI$6:BI$195,$D12) -> 1 | BI12: =COUNTIF(JADWAL!BJ$6:BJ$195,$D12) -> 1 | BK12: =COUNTIF(JADWAL!BL$6:BL$195,$D12) -> 1 | BL12: =COUNTIF(JADWAL!BM$6:BM$195,$D12) -> 1 | BM12: =COUNTIF(JADWAL!BN$6:BN$195,$D12) -> 0 | BN12: =COUNTIF(JADWAL!BO$6:BO$195,$D12) -> 1 | BO12: =COUNTIF(JADWAL!BP$6:BP$195,$D12) -> 1 | BP12: =COUNTIF(JADWAL!BQ$6:BQ$195,$D12) -> 1 | BQ12: =COUNTIF(JADWAL!BR$6:BR$195,$D12) -> 0 | BS12: =COUNTIF(JADWAL!BT$6:BT$195,$D12) -> 0 | BT12: =SUM(BE12:BS12) -> 10 | BV12: =COUNTIF(JADWAL!BW$6:BW$195,$D12) -> 0 | BW12: =COUNTIF(JADWAL!BX$6:BX$195,$D12) -> 0 | BX12: =COUNTIF(JADWAL!BY$6:BY$195,$D12) -> 0 | BY12: =COUNTIF(JADWAL!BZ$6:BZ$195,$D12) -> 0 | BZ12: =COUNTIF(JADWAL!CA$6:CA$195,$D12) -> 0 | CA12: =COUNTIF(JADWAL!CB$6:CB$195,$D12) -> 0 | CB12: =COUNTIF(JADWAL!CC$6:CC$195,$D12) -> 0 | CD12: =COUNTIF(JADWAL!CE$6:CE$195,$D12) -> 0 | CE12: =COUNTIF(JADWAL!CF$6:CF$195,$D12) -> 0 | CF12: =COUNTIF(JADWAL!CG$6:CG$195,$D12) -> 0 | CG12: =COUNTIF(JADWAL!CH$6:CH$195,$D12) -> 0 | CH12: =COUNTIF(JADWAL!CI$6:CI$195,$D12) -> 0 | CI12: =COUNTIF(JADWAL!CJ$6:CJ$195,$D12) -> 0 | CK12: =SUM(BV12:CJ12) -> 0 | CL12: =T12+AK12+BB12+BT12+CK12 -> 27
A13: ='MASTER GURU HARIAN'!A15 -> 11 | B13: ='MASTER GURU HARIAN'!B15 -> Dra. WENI ASMARAENI | C13: ='MASTER GURU HARIAN'!C15 -> G11 | D13: ='MASTER GURU HARIAN'!D15 -> WENI | F13: =COUNTIF(JADWAL!F$6:F$195,$D13) -> 0 | G13: =COUNTIF(JADWAL!G$6:G$195,$D13) -> 0 | H13: =COUNTIF(JADWAL!H$6:H$195,$D13) -> 0 | I13: =COUNTIF(JADWAL!I$6:I$195,$D13) -> 0 | J13: =COUNTIF(JADWAL!J$6:J$195,$D13) -> 0 | K13: =COUNTIF(JADWAL!K$6:K$195,$D13) -> 0 | L13: =COUNTIF(JADWAL!L$6:L$195,$D13) -> 0 | M13: =COUNTIF(JADWAL!M$6:M$195,$D13) -> 0 | ... S13: =COUNTIF(JADWAL!S$6:S$195,$D13) -> 0 | T13: =SUM(D13:S13) -> 3 | V13: =COUNTIF(JADWAL!V$6:V$195,$D13) -> 0 | W13: =COUNTIF(JADWAL!W$6:W$195,$D13) -> 0 | X13: =COUNTIF(JADWAL!X$6:X$195,$D13) -> 0 | Y13: =COUNTIF(JADWAL!Y$6:Y$195,$D13) -> 0 | Z13: =COUNTIF(JADWAL!Z$6:Z$195,$D13) -> 0 | AB13: =COUNTIF(JADWAL!AB$6:AB$195,$D13) -> 0 | AC13: =COUNTIF(JADWAL!AC$6:AC$195,$D13) -> 0 | AD13: =COUNTIF(JADWAL!AD$6:AD$195,$D13) -> 0 | AE13: =COUNTIF(JADWAL!AE$6:AE$195,$D13) -> 0 | AF13: =COUNTIF(JADWAL!AF$6:AF$195,$D13) -> 0 | AG13: =COUNTIF(JADWAL!AG$6:AG$195,$D13) -> 0 | AH13: =COUNTIF(JADWAL!AH$6:AH$195,$D13) -> 0 | AK13: =SUM(V13:AJ13) -> 0 | AM13: =COUNTIF(JADWAL!AM$6:AM$195,$D13) -> 0 | AN13: =COUNTIF(JADWAL!AN$6:AN$195,$D13) -> 1 | AO13: =COUNTIF(JADWAL!AO$6:AO$195,$D13) -> 1 | AP13: =COUNTIF(JADWAL!AP$6:AP$195,$D13) -> 1 | AQ13: =COUNTIF(JADWAL!AQ$6:AQ$195,$D13) -> 0 | AS13: =COUNTIF(JADWAL!AS$6:AS$195,$D13) -> 0 | AT13: =COUNTIF(JADWAL!AT$6:AT$195,$D13) -> 0 | AU13: =COUNTIF(JADWAL!AU$6:AU$195,$D13) -> 0 | AV13: =COUNTIF(JADWAL!AV$6:AV$195,$D13) -> 0 | AW13: =COUNTIF(JADWAL!AW$6:AW$195,$D13) -> 0 | AX13: =COUNTIF(JADWAL!AX$6:AX$195,$D13) -> 0 | AY13: =COUNTIF(JADWAL!AY$6:AY$195,$D13) -> 0 | AZ13: =COUNTIF(JADWAL!AZ$6:AZ$195,$D13) -> 0 | BA13: =COUNTIF(JADWAL!BA$6:BA$195,$D13) -> 0 | BB13: =SUM(AL13:BA13) -> 3 | BE13: =COUNTIF(JADWAL!BF$6:BF$195,$D13) -> 1 | BF13: =COUNTIF(JADWAL!BG$6:BG$195,$D13) -> 1 | BG13: =COUNTIF(JADWAL!BH$6:BH$195,$D13) -> 1 | BH13: =COUNTIF(JADWAL!BI$6:BI$195,$D13) -> 1 | BI13: =COUNTIF(JADWAL!BJ$6:BJ$195,$D13) -> 1 | BK13: =COUNTIF(JADWAL!BL$6:BL$195,$D13) -> 1 | BL13: =COUNTIF(JADWAL!BM$6:BM$195,$D13) -> 1 | BM13: =COUNTIF(JADWAL!BN$6:BN$195,$D13) -> 1 | BN13: =COUNTIF(JADWAL!BO$6:BO$195,$D13) -> 0 | BO13: =COUNTIF(JADWAL!BP$6:BP$195,$D13) -> 1 | BP13: =COUNTIF(JADWAL!BQ$6:BQ$195,$D13) -> 0 | BQ13: =COUNTIF(JADWAL!BR$6:BR$195,$D13) -> 0 | BS13: =COUNTIF(JADWAL!BT$6:BT$195,$D13) -> 0 | BT13: =SUM(BE13:BS13) -> 9 | BV13: =COUNTIF(JADWAL!BW$6:BW$195,$D13) -> 0 | BW13: =COUNTIF(JADWAL!BX$6:BX$195,$D13) -> 1 | BX13: =COUNTIF(JADWAL!BY$6:BY$195,$D13) -> 1 | BY13: =COUNTIF(JADWAL!BZ$6:BZ$195,$D13) -> 1 | BZ13: =COUNTIF(JADWAL!CA$6:CA$195,$D13) -> 1 | CA13: =COUNTIF(JADWAL!CB$6:CB$195,$D13) -> 1 | CB13: =COUNTIF(JADWAL!CC$6:CC$195,$D13) -> 1 | CD13: =COUNTIF(JADWAL!CE$6:CE$195,$D13) -> 1 | CE13: =COUNTIF(JADWAL!CF$6:CF$195,$D13) -> 1 | CF13: =COUNTIF(JADWAL!CG$6:CG$195,$D13) -> 1 | CG13: =COUNTIF(JADWAL!CH$6:CH$195,$D13) -> 0 | CH13: =COUNTIF(JADWAL!CI$6:CI$195,$D13) -> 0 | CI13: =COUNTIF(JADWAL!CJ$6:CJ$195,$D13) -> 0 | CK13: =SUM(BV13:CJ13) -> 9 | CL13: =T13+AK13+BB13+BT13+CK13 -> 24
A14: ='MASTER GURU HARIAN'!A16 -> 12 | B14: ='MASTER GURU HARIAN'!B16 -> OCTAVINA SOPAMENA, M.Pd. | C14: ='MASTER GURU HARIAN'!C16 -> G12 | D14: ='MASTER GURU HARIAN'!D16 -> OCTA | F14: =COUNTIF(JADWAL!F$6:F$195,$D14) -> 0 | G14: =COUNTIF(JADWAL!G$6:G$195,$D14) -> 0 | H14: =COUNTIF(JADWAL!H$6:H$195,$D14) -> 0 | I14: =COUNTIF(JADWAL!I$6:I$195,$D14) -> 0 | J14: =COUNTIF(JADWAL!J$6:J$195,$D14) -> 0 | K14: =COUNTIF(JADWAL!K$6:K$195,$D14) -> 0 | L14: =COUNTIF(JADWAL!L$6:L$195,$D14) -> 0 | M14: =COUNTIF(JADWAL!M$6:M$195,$D14) -> 0 | ... S14: =COUNTIF(JADWAL!S$6:S$195,$D14) -> 0 | T14: =SUM(D14:S14) -> 0 | V14: =COUNTIF(JADWAL!V$6:V$195,$D14) -> 0 | W14: =COUNTIF(JADWAL!W$6:W$195,$D14) -> 1 | X14: =COUNTIF(JADWAL!X$6:X$195,$D14) -> 1 | Y14: =COUNTIF(JADWAL!Y$6:Y$195,$D14) -> 1 | Z14: =COUNTIF(JADWAL!Z$6:Z$195,$D14) -> 1 | AB14: =COUNTIF(JADWAL!AB$6:AB$195,$D14) -> 1 | AC14: =COUNTIF(JADWAL!AC$6:AC$195,$D14) -> 1 | AD14: =COUNTIF(JADWAL!AD$6:AD$195,$D14) -> 0 | AE14: =COUNTIF(JADWAL!AE$6:AE$195,$D14) -> 1 | AF14: =COUNTIF(JADWAL!AF$6:AF$195,$D14) -> 1 | AG14: =COUNTIF(JADWAL!AG$6:AG$195,$D14) -> 1 | AH14: =COUNTIF(JADWAL!AH$6:AH$195,$D14) -> 0 | AK14: =SUM(V14:AJ14) -> 9 | AM14: =COUNTIF(JADWAL!AM$6:AM$195,$D14) -> 0 | AN14: =COUNTIF(JADWAL!AN$6:AN$195,$D14) -> 1 | AO14: =COUNTIF(JADWAL!AO$6:AO$195,$D14) -> 1 | AP14: =COUNTIF(JADWAL!AP$6:AP$195,$D14) -> 1 | AQ14: =COUNTIF(JADWAL!AQ$6:AQ$195,$D14) -> 1 | AS14: =COUNTIF(JADWAL!AS$6:AS$195,$D14) -> 1 | AT14: =COUNTIF(JADWAL!AT$6:AT$195,$D14) -> 1 | AU14: =COUNTIF(JADWAL!AU$6:AU$195,$D14) -> 0 | AV14: =COUNTIF(JADWAL!AV$6:AV$195,$D14) -> 1 | AW14: =COUNTIF(JADWAL!AW$6:AW$195,$D14) -> 1 | AX14: =COUNTIF(JADWAL!AX$6:AX$195,$D14) -> 1 | AY14: =COUNTIF(JADWAL!AY$6:AY$195,$D14) -> 0 | AZ14: =COUNTIF(JADWAL!AZ$6:AZ$195,$D14) -> 0 | BA14: =COUNTIF(JADWAL!BA$6:BA$195,$D14) -> 0 | BB14: =SUM(AL14:BA14) -> 9 | BE14: =COUNTIF(JADWAL!BF$6:BF$195,$D14) -> 1 | BF14: =COUNTIF(JADWAL!BG$6:BG$195,$D14) -> 1 | BG14: =COUNTIF(JADWAL!BH$6:BH$195,$D14) -> 1 | BH14: =COUNTIF(JADWAL!BI$6:BI$195,$D14) -> 1 | BI14: =COUNTIF(JADWAL!BJ$6:BJ$195,$D14) -> 1 | BK14: =COUNTIF(JADWAL!BL$6:BL$195,$D14) -> 1 | BL14: =COUNTIF(JADWAL!BM$6:BM$195,$D14) -> 1 | BM14: =COUNTIF(JADWAL!BN$6:BN$195,$D14) -> 0 | BN14: =COUNTIF(JADWAL!BO$6:BO$195,$D14) -> 1 | BO14: =COUNTIF(JADWAL!BP$6:BP$195,$D14) -> 1 | BP14: =COUNTIF(JADWAL!BQ$6:BQ$195,$D14) -> 0 | BQ14: =COUNTIF(JADWAL!BR$6:BR$195,$D14) -> 0 | BS14: =COUNTIF(JADWAL!BT$6:BT$195,$D14) -> 0 | BT14: =SUM(BE14:BS14) -> 9 | BV14: =COUNTIF(JADWAL!BW$6:BW$195,$D14) -> 0 | BW14: =COUNTIF(JADWAL!BX$6:BX$195,$D14) -> 0 | BX14: =COUNTIF(JADWAL!BY$6:BY$195,$D14) -> 0 | BY14: =COUNTIF(JADWAL!BZ$6:BZ$195,$D14) -> 0 | BZ14: =COUNTIF(JADWAL!CA$6:CA$195,$D14) -> 0 | CA14: =COUNTIF(JADWAL!CB$6:CB$195,$D14) -> 0 | CB14: =COUNTIF(JADWAL!CC$6:CC$195,$D14) -> 0 | CD14: =COUNTIF(JADWAL!CE$6:CE$195,$D14) -> 0 | CE14: =COUNTIF(JADWAL!CF$6:CF$195,$D14) -> 0 | CF14: =COUNTIF(JADWAL!CG$6:CG$195,$D14) -> 0 | CG14: =COUNTIF(JADWAL!CH$6:CH$195,$D14) -> 0 | CH14: =COUNTIF(JADWAL!CI$6:CI$195,$D14) -> 0 | CI14: =COUNTIF(JADWAL!CJ$6:CJ$195,$D14) -> 0 | CK14: =SUM(BV14:CJ14) -> 0 | CL14: =T14+AK14+BB14+BT14+CK14 -> 27
... A25: ='MASTER GURU HARIAN'!A27 -> 23 | B25: ='MASTER GURU HARIAN'!B27 -> RUHYA, S.Ag, M.M.Pd | C25: ='MASTER GURU HARIAN'!C27 -> G23 | D25: ='MASTER GURU HARIAN'!D27 -> RUHYA | F25: =COUNTIF(JADWAL!F$6:F$195,$D25) -> 0 | G25: =COUNTIF(JADWAL!G$6:G$195,$D25) -> 0 | H25: =COUNTIF(JADWAL!H$6:H$195,$D25) -> 0 | I25: =COUNTIF(JADWAL!I$6:I$195,$D25) -> 1 | J25: =COUNTIF(JADWAL!J$6:J$195,$D25) -> 0 | K25: =COUNTIF(JADWAL!K$6:K$195,$D25) -> 1 | L25: =COUNTIF(JADWAL!L$6:L$195,$D25) -> 1 | M25: =COUNTIF(JADWAL!M$6:M$195,$D25) -> 0 | ... S25: =COUNTIF(JADWAL!S$6:S$195,$D25) -> 0 | T25: =SUM(D25:S25) -> 6 | V25: =COUNTIF(JADWAL!V$6:V$195,$D25) -> 1 | W25: =COUNTIF(JADWAL!W$6:W$195,$D25) -> 1 | X25: =COUNTIF(JADWAL!X$6:X$195,$D25) -> 1 | Y25: =COUNTIF(JADWAL!Y$6:Y$195,$D25) -> 0 | Z25: =COUNTIF(JADWAL!Z$6:Z$195,$D25) -> 0 | AB25: =COUNTIF(JADWAL!AB$6:AB$195,$D25) -> 1 | AC25: =COUNTIF(JADWAL!AC$6:AC$195,$D25) -> 1 | AD25: =COUNTIF(JADWAL!AD$6:AD$195,$D25) -> 0 | AE25: =COUNTIF(JADWAL!AE$6:AE$195,$D25) -> 1 | AF25: =COUNTIF(JADWAL!AF$6:AF$195,$D25) -> 0 | AG25: =COUNTIF(JADWAL!AG$6:AG$195,$D25) -> 0 | AH25: =COUNTIF(JADWAL!AH$6:AH$195,$D25) -> 0 | AK25: =SUM(V25:AJ25) -> 6 | AM25: =COUNTIF(JADWAL!AM$6:AM$195,$D25) -> 0 | AN25: =COUNTIF(JADWAL!AN$6:AN$195,$D25) -> 0 | AO25: =COUNTIF(JADWAL!AO$6:AO$195,$D25) -> 0 | AP25: =COUNTIF(JADWAL!AP$6:AP$195,$D25) -> 0 | AQ25: =COUNTIF(JADWAL!AQ$6:AQ$195,$D25) -> 0 | AS25: =COUNTIF(JADWAL!AS$6:AS$195,$D25) -> 0 | AT25: =COUNTIF(JADWAL!AT$6:AT$195,$D25) -> 0 | AU25: =COUNTIF(JADWAL!AU$6:AU$195,$D25) -> 0 | AV25: =COUNTIF(JADWAL!AV$6:AV$195,$D25) -> 1 | AW25: =COUNTIF(JADWAL!AW$6:AW$195,$D25) -> 1 | AX25: =COUNTIF(JADWAL!AX$6:AX$195,$D25) -> 1 | AY25: =COUNTIF(JADWAL!AY$6:AY$195,$D25) -> 0 | AZ25: =COUNTIF(JADWAL!AZ$6:AZ$195,$D25) -> 0 | BA25: =COUNTIF(JADWAL!BA$6:BA$195,$D25) -> 0 | BB25: =SUM(AL25:BA25) -> 3 | BE25: =COUNTIF(JADWAL!BF$6:BF$195,$D25) -> 0 | BF25: =COUNTIF(JADWAL!BG$6:BG$195,$D25) -> 0 | BG25: =COUNTIF(JADWAL!BH$6:BH$195,$D25) -> 1 | BH25: =COUNTIF(JADWAL!BI$6:BI$195,$D25) -> 1 | BI25: =COUNTIF(JADWAL!BJ$6:BJ$195,$D25) -> 1 | BK25: =COUNTIF(JADWAL!BL$6:BL$195,$D25) -> 0 | BL25: =COUNTIF(JADWAL!BM$6:BM$195,$D25) -> 1 | BM25: =COUNTIF(JADWAL!BN$6:BN$195,$D25) -> 0 | BN25: =COUNTIF(JADWAL!BO$6:BO$195,$D25) -> 1 | BO25: =COUNTIF(JADWAL!BP$6:BP$195,$D25) -> 1 | BP25: =COUNTIF(JADWAL!BQ$6:BQ$195,$D25) -> 0 | BQ25: =COUNTIF(JADWAL!BR$6:BR$195,$D25) -> 0 | BS25: =COUNTIF(JADWAL!BT$6:BT$195,$D25) -> 0 | BT25: =SUM(BE25:BS25) -> 6 | BV25: =COUNTIF(JADWAL!BW$6:BW$195,$D25) -> 0 | BW25: =COUNTIF(JADWAL!BX$6:BX$195,$D25) -> 0 | BX25: =COUNTIF(JADWAL!BY$6:BY$195,$D25) -> 0 | BY25: =COUNTIF(JADWAL!BZ$6:BZ$195,$D25) -> 1 | BZ25: =COUNTIF(JADWAL!CA$6:CA$195,$D25) -> 1 | CA25: =COUNTIF(JADWAL!CB$6:CB$195,$D25) -> 1 | CB25: =COUNTIF(JADWAL!CC$6:CC$195,$D25) -> 1 | CD25: =COUNTIF(JADWAL!CE$6:CE$195,$D25) -> 1 | CE25: =COUNTIF(JADWAL!CF$6:CF$195,$D25) -> 1 | CF25: =COUNTIF(JADWAL!CG$6:CG$195,$D25) -> 0 | CG25: =COUNTIF(JADWAL!CH$6:CH$195,$D25) -> 0 | CH25: =COUNTIF(JADWAL!CI$6:CI$195,$D25) -> 0 | CI25: =COUNTIF(JADWAL!CJ$6:CJ$195,$D25) -> 0 | CK25: =SUM(BV25:CJ25) -> 6 | CL25: =T25+AK25+BB25+BT25+CK25 -> 27
A26: ='MASTER GURU HARIAN'!A28 -> 24 | B26: ='MASTER GURU HARIAN'!B28 -> MAYA KUSMAYANTI, M.Pd | C26: ='MASTER GURU HARIAN'!C29 -> G25 | D26: ='MASTER GURU HARIAN'!D28 -> MAYA | F26: =COUNTIF(JADWAL!F$6:F$195,$D26) -> 0 | G26: =COUNTIF(JADWAL!G$6:G$195,$D26) -> 0 | H26: =COUNTIF(JADWAL!H$6:H$195,$D26) -> 0 | I26: =COUNTIF(JADWAL!I$6:I$195,$D26) -> 0 | J26: =COUNTIF(JADWAL!J$6:J$195,$D26) -> 0 | K26: =COUNTIF(JADWAL!K$6:K$195,$D26) -> 0 | L26: =COUNTIF(JADWAL!L$6:L$195,$D26) -> 0 | M26: =COUNTIF(JADWAL!M$6:M$195,$D26) -> 0 | ... S26: =COUNTIF(JADWAL!S$6:S$195,$D26) -> 0 | T26: =SUM(D26:S26) -> 2 | V26: =COUNTIF(JADWAL!V$6:V$195,$D26) -> 0 | W26: =COUNTIF(JADWAL!W$6:W$195,$D26) -> 0 | X26: =COUNTIF(JADWAL!X$6:X$195,$D26) -> 1 | Y26: =COUNTIF(JADWAL!Y$6:Y$195,$D26) -> 1 | Z26: =COUNTIF(JADWAL!Z$6:Z$195,$D26) -> 0 | AB26: =COUNTIF(JADWAL!AB$6:AB$195,$D26) -> 0 | AC26: =COUNTIF(JADWAL!AC$6:AC$195,$D26) -> 0 | AD26: =COUNTIF(JADWAL!AD$6:AD$195,$D26) -> 0 | AE26: =COUNTIF(JADWAL!AE$6:AE$195,$D26) -> 0 | AF26: =COUNTIF(JADWAL!AF$6:AF$195,$D26) -> 1 | AG26: =COUNTIF(JADWAL!AG$6:AG$195,$D26) -> 1 | AH26: =COUNTIF(JADWAL!AH$6:AH$195,$D26) -> 0 | AK26: =SUM(V26:AJ26) -> 4 | AM26: =COUNTIF(JADWAL!AM$6:AM$195,$D26) -> 0 | AN26: =COUNTIF(JADWAL!AN$6:AN$195,$D26) -> 0 | AO26: =COUNTIF(JADWAL!AO$6:AO$195,$D26) -> 0 | AP26: =COUNTIF(JADWAL!AP$6:AP$195,$D26) -> 0 | AQ26: =COUNTIF(JADWAL!AQ$6:AQ$195,$D26) -> 0 | AS26: =COUNTIF(JADWAL!AS$6:AS$195,$D26) -> 1 | AT26: =COUNTIF(JADWAL!AT$6:AT$195,$D26) -> 1 | AU26: =COUNTIF(JADWAL!AU$6:AU$195,$D26) -> 0 | AV26: =COUNTIF(JADWAL!AV$6:AV$195,$D26) -> 0 | AW26: =COUNTIF(JADWAL!AW$6:AW$195,$D26) -> 0 | AX26: =COUNTIF(JADWAL!AX$6:AX$195,$D26) -> 1 | AY26: =COUNTIF(JADWAL!AY$6:AY$195,$D26) -> 1 | AZ26: =COUNTIF(JADWAL!AZ$6:AZ$195,$D26) -> 0 | BA26: =COUNTIF(JADWAL!BA$6:BA$195,$D26) -> 0 | BB26: =SUM(AL26:BA26) -> 4 | BE26: =COUNTIF(JADWAL!BF$6:BF$195,$D26) -> 0 | BF26: =COUNTIF(JADWAL!BG$6:BG$195,$D26) -> 0 | BG26: =COUNTIF(JADWAL!BH$6:BH$195,$D26) -> 0 | BH26: =COUNTIF(JADWAL!BI$6:BI$195,$D26) -> 0 | BI26: =COUNTIF(JADWAL!BJ$6:BJ$195,$D26) -> 0 | BK26: =COUNTIF(JADWAL!BL$6:BL$195,$D26) -> 0 | BL26: =COUNTIF(JADWAL!BM$6:BM$195,$D26) -> 0 | BM26: =COUNTIF(JADWAL!BN$6:BN$195,$D26) -> 0 | BN26: =COUNTIF(JADWAL!BO$6:BO$195,$D26) -> 0 | BO26: =COUNTIF(JADWAL!BP$6:BP$195,$D26) -> 0 | BP26: =COUNTIF(JADWAL!BQ$6:BQ$195,$D26) -> 0 | BQ26: =COUNTIF(JADWAL!BR$6:BR$195,$D26) -> 0 | BS26: =COUNTIF(JADWAL!BT$6:BT$195,$D26) -> 0 | BT26: =SUM(BE26:BS26) -> 0 | BV26: =COUNTIF(JADWAL!BW$6:BW$195,$D26) -> 0 | BW26: =COUNTIF(JADWAL!BX$6:BX$195,$D26) -> 0 | BX26: =COUNTIF(JADWAL!BY$6:BY$195,$D26) -> 0 | BY26: =COUNTIF(JADWAL!BZ$6:BZ$195,$D26) -> 0 | BZ26: =COUNTIF(JADWAL!CA$6:CA$195,$D26) -> 0 | CA26: =COUNTIF(JADWAL!CB$6:CB$195,$D26) -> 0 | CB26: =COUNTIF(JADWAL!CC$6:CC$195,$D26) -> 0 | CD26: =COUNTIF(JADWAL!CE$6:CE$195,$D26) -> 1 | CE26: =COUNTIF(JADWAL!CF$6:CF$195,$D26) -> 1 | CF26: =COUNTIF(JADWAL!CG$6:CG$195,$D26) -> 0 | CG26: =COUNTIF(JADWAL!CH$6:CH$195,$D26) -> 0 | CH26: =COUNTIF(JADWAL!CI$6:CI$195,$D26) -> 0 | CI26: =COUNTIF(JADWAL!CJ$6:CJ$195,$D26) -> 0 | CK26: =SUM(BV26:CJ26) -> 2 | CL26: =T26+AK26+BB26+BT26+CK26 -> 12
A27: ='MASTER GURU HARIAN'!A29 -> 25 | B27: ='MASTER GURU HARIAN'!B29 -> DINI KAROMNA, S.Pd. | C27: ='MASTER GURU HARIAN'!C28 -> G24 | D27: ='MASTER GURU HARIAN'!D29 -> DINI | F27: =COUNTIF(JADWAL!F$6:F$195,$D27) -> 1 | G27: =COUNTIF(JADWAL!G$6:G$195,$D27) -> 1 | H27: =COUNTIF(JADWAL!H$6:H$195,$D27) -> 1 | I27: =COUNTIF(JADWAL!I$6:I$195,$D27) -> 1 | J27: =COUNTIF(JADWAL!J$6:J$195,$D27) -> 0 | K27: =COUNTIF(JADWAL!K$6:K$195,$D27) -> 1 | L27: =COUNTIF(JADWAL!L$6:L$195,$D27) -> 1 | M27: =COUNTIF(JADWAL!M$6:M$195,$D27) -> 1 | ... S27: =COUNTIF(JADWAL!S$6:S$195,$D27) -> 0 | T27: =SUM(D27:S27) -> 7 | V27: =COUNTIF(JADWAL!V$6:V$195,$D27) -> 0 | W27: =COUNTIF(JADWAL!W$6:W$195,$D27) -> 0 | X27: =COUNTIF(JADWAL!X$6:X$195,$D27) -> 1 | Y27: =COUNTIF(JADWAL!Y$6:Y$195,$D27) -> 1 | Z27: =COUNTIF(JADWAL!Z$6:Z$195,$D27) -> 0 | AB27: =COUNTIF(JADWAL!AB$6:AB$195,$D27) -> 1 | AC27: =COUNTIF(JADWAL!AC$6:AC$195,$D27) -> 1 | AD27: =COUNTIF(JADWAL!AD$6:AD$195,$D27) -> 0 | AE27: =COUNTIF(JADWAL!AE$6:AE$195,$D27) -> 1 | AF27: =COUNTIF(JADWAL!AF$6:AF$195,$D27) -> 1 | AG27: =COUNTIF(JADWAL!AG$6:AG$195,$D27) -> 1 | AH27: =COUNTIF(JADWAL!AH$6:AH$195,$D27) -> 0 | AK27: =SUM(V27:AJ27) -> 7 | AM27: =COUNTIF(JADWAL!AM$6:AM$195,$D27) -> 0 | AN27: =COUNTIF(JADWAL!AN$6:AN$195,$D27) -> 1 | AO27: =COUNTIF(JADWAL!AO$6:AO$195,$D27) -> 1 | AP27: =COUNTIF(JADWAL!AP$6:AP$195,$D27) -> 1 | AQ27: =COUNTIF(JADWAL!AQ$6:AQ$195,$D27) -> 1 | AS27: =COUNTIF(JADWAL!AS$6:AS$195,$D27) -> 1 | AT27: =COUNTIF(JADWAL!AT$6:AT$195,$D27) -> 0 | AU27: =COUNTIF(JADWAL!AU$6:AU$195,$D27) -> 0 | AV27: =COUNTIF(JADWAL!AV$6:AV$195,$D27) -> 1 | AW27: =COUNTIF(JADWAL!AW$6:AW$195,$D27) -> 1 | AX27: =COUNTIF(JADWAL!AX$6:AX$195,$D27) -> 0 | AY27: =COUNTIF(JADWAL!AY$6:AY$195,$D27) -> 0 | AZ27: =COUNTIF(JADWAL!AZ$6:AZ$195,$D27) -> 0 | BA27: =COUNTIF(JADWAL!BA$6:BA$195,$D27) -> 0 | BB27: =SUM(AL27:BA27) -> 7 | BE27: =COUNTIF(JADWAL!BF$6:BF$195,$D27) -> 0 | BF27: =COUNTIF(JADWAL!BG$6:BG$195,$D27) -> 0 | BG27: =COUNTIF(JADWAL!BH$6:BH$195,$D27) -> 0 | BH27: =COUNTIF(JADWAL!BI$6:BI$195,$D27) -> 0 | BI27: =COUNTIF(JADWAL!BJ$6:BJ$195,$D27) -> 0 | BK27: =COUNTIF(JADWAL!BL$6:BL$195,$D27) -> 0 | BL27: =COUNTIF(JADWAL!BM$6:BM$195,$D27) -> 0 | BM27: =COUNTIF(JADWAL!BN$6:BN$195,$D27) -> 0 | BN27: =COUNTIF(JADWAL!BO$6:BO$195,$D27) -> 0 | BO27: =COUNTIF(JADWAL!BP$6:BP$195,$D27) -> 0 | BP27: =COUNTIF(JADWAL!BQ$6:BQ$195,$D27) -> 0 | BQ27: =COUNTIF(JADWAL!BR$6:BR$195,$D27) -> 0 | BS27: =COUNTIF(JADWAL!BT$6:BT$195,$D27) -> 0 | BT27: =SUM(BE27:BS27) -> 0 | BV27: =COUNTIF(JADWAL!BW$6:BW$195,$D27) -> 0 | BW27: =COUNTIF(JADWAL!BX$6:BX$195,$D27) -> 0 | BX27: =COUNTIF(JADWAL!BY$6:BY$195,$D27) -> 0 | BY27: =COUNTIF(JADWAL!BZ$6:BZ$195,$D27) -> 1 | BZ27: =COUNTIF(JADWAL!CA$6:CA$195,$D27) -> 1 | CA27: =COUNTIF(JADWAL!CB$6:CB$195,$D27) -> 1 | CB27: =COUNTIF(JADWAL!CC$6:CC$195,$D27) -> 1 | CD27: =COUNTIF(JADWAL!CE$6:CE$195,$D27) -> 1 | CE27: =COUNTIF(JADWAL!CF$6:CF$195,$D27) -> 1 | CF27: =COUNTIF(JADWAL!CG$6:CG$195,$D27) -> 1 | CG27: =COUNTIF(JADWAL!CH$6:CH$195,$D27) -> 0 | CH27: =COUNTIF(JADWAL!CI$6:CI$195,$D27) -> 0 | CI27: =COUNTIF(JADWAL!CJ$6:CJ$195,$D27) -> 0 | CK27: =SUM(BV27:CJ27) -> 7 | CL27: =T27+AK27+BB27+BT27+CK27 -> 28
A28: ='MASTER GURU HARIAN'!A30 -> 26 | B28: ='MASTER GURU HARIAN'!B30 -> NOFA NIRAWATI, S.Pd, M.T | C28: ='MASTER GURU HARIAN'!C30 -> G26 | D28: ='MASTER GURU HARIAN'!D30 -> NOFA | F28: =COUNTIF(JADWAL!F$6:F$195,$D28) -> 1 | G28: =COUNTIF(JADWAL!G$6:G$195,$D28) -> 1 | H28: =COUNTIF(JADWAL!H$6:H$195,$D28) -> 1 | I28: =COUNTIF(JADWAL!I$6:I$195,$D28) -> 0 | J28: =COUNTIF(JADWAL!J$6:J$195,$D28) -> 0 | K28: =COUNTIF(JADWAL!K$6:K$195,$D28) -> 0 | L28: =COUNTIF(JADWAL!L$6:L$195,$D28) -> 0 | M28: =COUNTIF(JADWAL!M$6:M$195,$D28) -> 0 | ... S28: =COUNTIF(JADWAL!S$6:S$195,$D28) -> 0 | T28: =SUM(D28:S28) -> 3 | V28: =COUNTIF(JADWAL!V$6:V$195,$D28) -> 1 | W28: =COUNTIF(JADWAL!W$6:W$195,$D28) -> 1 | X28: =COUNTIF(JADWAL!X$6:X$195,$D28) -> 1 | Y28: =COUNTIF(JADWAL!Y$6:Y$195,$D28) -> 0 | Z28: =COUNTIF(JADWAL!Z$6:Z$195,$D28) -> 0 | AB28: =COUNTIF(JADWAL!AB$6:AB$195,$D28) -> 0 | AC28: =COUNTIF(JADWAL!AC$6:AC$195,$D28) -> 1 | AD28: =COUNTIF(JADWAL!AD$6:AD$195,$D28) -> 0 | AE28: =COUNTIF(JADWAL!AE$6:AE$195,$D28) -> 1 | AF28: =COUNTIF(JADWAL!AF$6:AF$195,$D28) -> 1 | AG28: =COUNTIF(JADWAL!AG$6:AG$195,$D28) -> 0 | AH28: =COUNTIF(JADWAL!AH$6:AH$195,$D28) -> 0 | AK28: =SUM(V28:AJ28) -> 6 | AM28: =COUNTIF(JADWAL!AM$6:AM$195,$D28) -> 0 | AN28: =COUNTIF(JADWAL!AN$6:AN$195,$D28) -> 0 | AO28: =COUNTIF(JADWAL!AO$6:AO$195,$D28) -> 0 | AP28: =COUNTIF(JADWAL!AP$6:AP$195,$D28) -> 0 | AQ28: =COUNTIF(JADWAL!AQ$6:AQ$195,$D28) -> 0 | AS28: =COUNTIF(JADWAL!AS$6:AS$195,$D28) -> 0 | AT28: =COUNTIF(JADWAL!AT$6:AT$195,$D28) -> 0 | AU28: =COUNTIF(JADWAL!AU$6:AU$195,$D28) -> 0 | AV28: =COUNTIF(JADWAL!AV$6:AV$195,$D28) -> 0 | AW28: =COUNTIF(JADWAL!AW$6:AW$195,$D28) -> 0 | AX28: =COUNTIF(JADWAL!AX$6:AX$195,$D28) -> 0 | AY28: =COUNTIF(JADWAL!AY$6:AY$195,$D28) -> 0 | AZ28: =COUNTIF(JADWAL!AZ$6:AZ$195,$D28) -> 0 | BA28: =COUNTIF(JADWAL!BA$6:BA$195,$D28) -> 0 | BB28: =SUM(AL28:BA28) -> 0 | BE28: =COUNTIF(JADWAL!BF$6:BF$195,$D28) -> 1 | BF28: =COUNTIF(JADWAL!BG$6:BG$195,$D28) -> 1 | BG28: =COUNTIF(JADWAL!BH$6:BH$195,$D28) -> 1 | BH28: =COUNTIF(JADWAL!BI$6:BI$195,$D28) -> 1 | BI28: =COUNTIF(JADWAL!BJ$6:BJ$195,$D28) -> 1 | BK28: =COUNTIF(JADWAL!BL$6:BL$195,$D28) -> 1 | BL28: =COUNTIF(JADWAL!BM$6:BM$195,$D28) -> 1 | BM28: =COUNTIF(JADWAL!BN$6:BN$195,$D28) -> 1 | BN28: =COUNTIF(JADWAL!BO$6:BO$195,$D28) -> 0 | BO28: =COUNTIF(JADWAL!BP$6:BP$195,$D28) -> 1 | BP28: =COUNTIF(JADWAL!BQ$6:BQ$195,$D28) -> 0 | BQ28: =COUNTIF(JADWAL!BR$6:BR$195,$D28) -> 0 | BS28: =COUNTIF(JADWAL!BT$6:BT$195,$D28) -> 0 | BT28: =SUM(BE28:BS28) -> 9 | BV28: =COUNTIF(JADWAL!BW$6:BW$195,$D28) -> 0 | BW28: =COUNTIF(JADWAL!BX$6:BX$195,$D28) -> 1 | BX28: =COUNTIF(JADWAL!BY$6:BY$195,$D28) -> 1 | BY28: =COUNTIF(JADWAL!BZ$6:BZ$195,$D28) -> 1 | BZ28: =COUNTIF(JADWAL!CA$6:CA$195,$D28) -> 0 | CA28: =COUNTIF(JADWAL!CB$6:CB$195,$D28) -> 0 | CB28: =COUNTIF(JADWAL!CC$6:CC$195,$D28) -> 0 | CD28: =COUNTIF(JADWAL!CE$6:CE$195,$D28) -> 1 | CE28: =COUNTIF(JADWAL!CF$6:CF$195,$D28) -> 1 | CF28: =COUNTIF(JADWAL!CG$6:CG$195,$D28) -> 1 | CG28: =COUNTIF(JADWAL!CH$6:CH$195,$D28) -> 0 | CH28: =COUNTIF(JADWAL!CI$6:CI$195,$D28) -> 0 | CI28: =COUNTIF(JADWAL!CJ$6:CJ$195,$D28) -> 0 | CK28: =SUM(BV28:CJ28) -> 6 | CL28: =T28+AK28+BB28+BT28+CK28 -> 24
A29: ='MASTER GURU HARIAN'!A31 -> 27 | B29: ='MASTER GURU HARIAN'!B31 -> HASAN AS'ARI, M.Kom | C29: ='MASTER GURU HARIAN'!C31 -> G27 | D29: ='MASTER GURU HARIAN'!D31 -> HASAN | F29: =COUNTIF(JADWAL!F$6:F$195,$D29) -> 1 | G29: =COUNTIF(JADWAL!G$6:G$195,$D29) -> 1 | H29: =COUNTIF(JADWAL!H$6:H$195,$D29) -> 1 | I29: =COUNTIF(JADWAL!I$6:I$195,$D29) -> 1 | J29: =COUNTIF(JADWAL!J$6:J$195,$D29) -> 0 | K29: =COUNTIF(JADWAL!K$6:K$195,$D29) -> 1 | L29: =COUNTIF(JADWAL!L$6:L$195,$D29) -> 1 | M29: =COUNTIF(JADWAL!M$6:M$195,$D29) -> 0 | ... S29: =COUNTIF(JADWAL!S$6:S$195,$D29) -> 0 | T29: =SUM(D29:S29) -> 6 | V29: =COUNTIF(JADWAL!V$6:V$195,$D29) -> 1 | W29: =COUNTIF(JADWAL!W$6:W$195,$D29) -> 1 | X29: =COUNTIF(JADWAL!X$6:X$195,$D29) -> 1 | Y29: =COUNTIF(JADWAL!Y$6:Y$195,$D29) -> 1 | Z29: =COUNTIF(JADWAL!Z$6:Z$195,$D29) -> 1 | AB29: =COUNTIF(JADWAL!AB$6:AB$195,$D29) -> 1 | AC29: =COUNTIF(JADWAL!AC$6:AC$195,$D29) -> 0 | AD29: =COUNTIF(JADWAL!AD$6:AD$195,$D29) -> 0 | AE29: =COUNTIF(JADWAL!AE$6:AE$195,$D29) -> 0 | AF29: =COUNTIF(JADWAL!AF$6:AF$195,$D29) -> 0 | AG29: =COUNTIF(JADWAL!AG$6:AG$195,$D29) -> 0 | AH29: =COUNTIF(JADWAL!AH$6:AH$195,$D29) -> 0 | AK29: =SUM(V29:AJ29) -> 6 | AM29: =COUNTIF(JADWAL!AM$6:AM$195,$D29) -> 0 | AN29: =COUNTIF(JADWAL!AN$6:AN$195,$D29) -> 0 | AO29: =COUNTIF(JADWAL!AO$6:AO$195,$D29) -> 0 | AP29: =COUNTIF(JADWAL!AP$6:AP$195,$D29) -> 0 | AQ29: =COUNTIF(JADWAL!AQ$6:AQ$195,$D29) -> 0 | AS29: =COUNTIF(JADWAL!AS$6:AS$195,$D29) -> 0 | AT29: =COUNTIF(JADWAL!AT$6:AT$195,$D29) -> 0 | AU29: =COUNTIF(JADWAL!AU$6:AU$195,$D29) -> 0 | AV29: =COUNTIF(JADWAL!AV$6:AV$195,$D29) -> 0 | AW29: =COUNTIF(JADWAL!AW$6:AW$195,$D29) -> 0 | AX29: =COUNTIF(JADWAL!AX$6:AX$195,$D29) -> 0 | AY29: =COUNTIF(JADWAL!AY$6:AY$195,$D29) -> 0 | AZ29: =COUNTIF(JADWAL!AZ$6:AZ$195,$D29) -> 0 | BA29: =COUNTIF(JADWAL!BA$6:BA$195,$D29) -> 0 | BB29: =SUM(AL29:BA29) -> 0 | BE29: =COUNTIF(JADWAL!BF$6:BF$195,$D29) -> 0 | BF29: =COUNTIF(JADWAL!BG$6:BG$195,$D29) -> 0 | BG29: =COUNTIF(JADWAL!BH$6:BH$195,$D29) -> 0 | BH29: =COUNTIF(JADWAL!BI$6:BI$195,$D29) -> 0 | BI29: =COUNTIF(JADWAL!BJ$6:BJ$195,$D29) -> 0 | BK29: =COUNTIF(JADWAL!BL$6:BL$195,$D29) -> 0 | BL29: =COUNTIF(JADWAL!BM$6:BM$195,$D29) -> 0 | BM29: =COUNTIF(JADWAL!BN$6:BN$195,$D29) -> 0 | BN29: =COUNTIF(JADWAL!BO$6:BO$195,$D29) -> 0 | BO29: =COUNTIF(JADWAL!BP$6:BP$195,$D29) -> 0 | BP29: =COUNTIF(JADWAL!BQ$6:BQ$195,$D29) -> 0 | BQ29: =COUNTIF(JADWAL!BR$6:BR$195,$D29) -> 0 | BS29: =COUNTIF(JADWAL!BT$6:BT$195,$D29) -> 0 | BT29: =SUM(BE29:BS29) -> 0 | BV29: =COUNTIF(JADWAL!BW$6:BW$195,$D29) -> 0 | BW29: =COUNTIF(JADWAL!BX$6:BX$195,$D29) -> 1 | BX29: =COUNTIF(JADWAL!BY$6:BY$195,$D29) -> 1 | BY29: =COUNTIF(JADWAL!BZ$6:BZ$195,$D29) -> 1 | BZ29: =COUNTIF(JADWAL!CA$6:CA$195,$D29) -> 1 | CA29: =COUNTIF(JADWAL!CB$6:CB$195,$D29) -> 1 | CB29: =COUNTIF(JADWAL!CC$6:CC$195,$D29) -> 1 | CD29: =COUNTIF(JADWAL!CE$6:CE$195,$D29) -> 0 | CE29: =COUNTIF(JADWAL!CF$6:CF$195,$D29) -> 0 | CF29: =COUNTIF(JADWAL!CG$6:CG$195,$D29) -> 0 | CG29: =COUNTIF(JADWAL!CH$6:CH$195,$D29) -> 0 | CH29: =COUNTIF(JADWAL!CI$6:CI$195,$D29) -> 0 | CI29: =COUNTIF(JADWAL!CJ$6:CJ$195,$D29) -> 0 | CK29: =SUM(BV29:CJ29) -> 6 | CL29: =T29+AK29+BB29+BT29+CK29 -> 18
A30: ='MASTER GURU HARIAN'!A32 -> 28 | B30: ='MASTER GURU HARIAN'!B32 -> CECEP SURYANA, S.Si | C30: ='MASTER GURU HARIAN'!C32 -> G28 | D30: ='MASTER GURU HARIAN'!D32 -> CECEP | F30: =COUNTIF(JADWAL!F$6:F$195,$D30) -> 1 | G30: =COUNTIF(JADWAL!G$6:G$195,$D30) -> 1 | H30: =COUNTIF(JADWAL!H$6:H$195,$D30) -> 1 | I30: =COUNTIF(JADWAL!I$6:I$195,$D30) -> 1 | J30: =COUNTIF(JADWAL!J$6:J$195,$D30) -> 0 | K30: =COUNTIF(JADWAL!K$6:K$195,$D30) -> 1 | L30: =COUNTIF(JADWAL!L$6:L$195,$D30) -> 1 | M30: =COUNTIF(JADWAL!M$6:M$195,$D30) -> 0 | ... S30: =COUNTIF(JADWAL!S$6:S$195,$D30) -> 0 | T30: =SUM(D30:S30) -> 7 | V30: =COUNTIF(JADWAL!V$6:V$195,$D30) -> 0 | W30: =COUNTIF(JADWAL!W$6:W$195,$D30) -> 0 | X30: =COUNTIF(JADWAL!X$6:X$195,$D30) -> 0 | Y30: =COUNTIF(JADWAL!Y$6:Y$195,$D30) -> 1 | Z30: =COUNTIF(JADWAL!Z$6:Z$195,$D30) -> 1 | AB30: =COUNTIF(JADWAL!AB$6:AB$195,$D30) -> 1 | AC30: =COUNTIF(JADWAL!AC$6:AC$195,$D30) -> 1 | AD30: =COUNTIF(JADWAL!AD$6:AD$195,$D30) -> 0 | AE30: =COUNTIF(JADWAL!AE$6:AE$195,$D30) -> 1 | AF30: =COUNTIF(JADWAL!AF$6:AF$195,$D30) -> 1 | AG30: =COUNTIF(JADWAL!AG$6:AG$195,$D30) -> 1 | AH30: =COUNTIF(JADWAL!AH$6:AH$195,$D30) -> 0 | AK30: =SUM(V30:AJ30) -> 7 | AM30: =COUNTIF(JADWAL!AM$6:AM$195,$D30) -> 0 | AN30: =COUNTIF(JADWAL!AN$6:AN$195,$D30) -> 1 | AO30: =COUNTIF(JADWAL!AO$6:AO$195,$D30) -> 1 | AP30: =COUNTIF(JADWAL!AP$6:AP$195,$D30) -> 1 | AQ30: =COUNTIF(JADWAL!AQ$6:AQ$195,$D30) -> 1 | AS30: =COUNTIF(JADWAL!AS$6:AS$195,$D30) -> 0 | AT30: =COUNTIF(JADWAL!AT$6:AT$195,$D30) -> 0 | AU30: =COUNTIF(JADWAL!AU$6:AU$195,$D30) -> 0 | AV30: =COUNTIF(JADWAL!AV$6:AV$195,$D30) -> 1 | AW30: =COUNTIF(JADWAL!AW$6:AW$195,$D30) -> 1 | AX30: =COUNTIF(JADWAL!AX$6:AX$195,$D30) -> 0 | AY30: =COUNTIF(JADWAL!AY$6:AY$195,$D30) -> 0 | AZ30: =COUNTIF(JADWAL!AZ$6:AZ$195,$D30) -> 0 | BA30: =COUNTIF(JADWAL!BA$6:BA$195,$D30) -> 0 | BB30: =SUM(AL30:BA30) -> 6 | BE30: =COUNTIF(JADWAL!BF$6:BF$195,$D30) -> 0 | BF30: =COUNTIF(JADWAL!BG$6:BG$195,$D30) -> 0 | BG30: =COUNTIF(JADWAL!BH$6:BH$195,$D30) -> 1 | BH30: =COUNTIF(JADWAL!BI$6:BI$195,$D30) -> 1 | BI30: =COUNTIF(JADWAL!BJ$6:BJ$195,$D30) -> 1 | BK30: =COUNTIF(JADWAL!BL$6:BL$195,$D30) -> 1 | BL30: =COUNTIF(JADWAL!BM$6:BM$195,$D30) -> 1 | BM30: =COUNTIF(JADWAL!BN$6:BN$195,$D30) -> 0 | BN30: =COUNTIF(JADWAL!BO$6:BO$195,$D30) -> 1 | BO30: =COUNTIF(JADWAL!BP$6:BP$195,$D30) -> 1 | BP30: =COUNTIF(JADWAL!BQ$6:BQ$195,$D30) -> 0 | BQ30: =COUNTIF(JADWAL!BR$6:BR$195,$D30) -> 0 | BS30: =COUNTIF(JADWAL!BT$6:BT$195,$D30) -> 0 | BT30: =SUM(BE30:BS30) -> 7 | BV30: =COUNTIF(JADWAL!BW$6:BW$195,$D30) -> 0 | BW30: =COUNTIF(JADWAL!BX$6:BX$195,$D30) -> 0 | BX30: =COUNTIF(JADWAL!BY$6:BY$195,$D30) -> 0 | BY30: =COUNTIF(JADWAL!BZ$6:BZ$195,$D30) -> 0 | BZ30: =COUNTIF(JADWAL!CA$6:CA$195,$D30) -> 0 | CA30: =COUNTIF(JADWAL!CB$6:CB$195,$D30) -> 0 | CB30: =COUNTIF(JADWAL!CC$6:CC$195,$D30) -> 0 | CD30: =COUNTIF(JADWAL!CE$6:CE$195,$D30) -> 0 | CE30: =COUNTIF(JADWAL!CF$6:CF$195,$D30) -> 0 | CF30: =COUNTIF(JADWAL!CG$6:CG$195,$D30) -> 0 | CG30: =COUNTIF(JADWAL!CH$6:CH$195,$D30) -> 0 | CH30: =COUNTIF(JADWAL!CI$6:CI$195,$D30) -> 0 | CI30: =COUNTIF(JADWAL!CJ$6:CJ$195,$D30) -> 0 | CK30: =SUM(BV30:CJ30) -> 0 | CL30: =T30+AK30+BB30+BT30+CK30 -> 27
A31: ='MASTER GURU HARIAN'!A33 -> 29 | B31: ='MASTER GURU HARIAN'!B33 -> NINA DEWI KOSWARA, S.Pd. | C31: ='MASTER GURU HARIAN'!C33 -> G29 | D31: ='MASTER GURU HARIAN'!D33 -> NINA | F31: =COUNTIF(JADWAL!F$6:F$195,$D31) -> 1 | G31: =COUNTIF(JADWAL!G$6:G$195,$D31) -> 1 | H31: =COUNTIF(JADWAL!H$6:H$195,$D31) -> 1 | I31: =COUNTIF(JADWAL!I$6:I$195,$D31) -> 1 | J31: =COUNTIF(JADWAL!J$6:J$195,$D31) -> 0 | K31: =COUNTIF(JADWAL!K$6:K$195,$D31) -> 1 | L31: =COUNTIF(JADWAL!L$6:L$195,$D31) -> 1 | M31: =COUNTIF(JADWAL!M$6:M$195,$D31) -> 0 | ... S31: =COUNTIF(JADWAL!S$6:S$195,$D31) -> 0 | T31: =SUM(D31:S31) -> 8 | V31: =COUNTIF(JADWAL!V$6:V$195,$D31) -> 0 | W31: =COUNTIF(JADWAL!W$6:W$195,$D31) -> 0 | X31: =COUNTIF(JADWAL!X$6:X$195,$D31) -> 0 | Y31: =COUNTIF(JADWAL!Y$6:Y$195,$D31) -> 0 | Z31: =COUNTIF(JADWAL!Z$6:Z$195,$D31) -> 0 | AB31: =COUNTIF(JADWAL!AB$6:AB$195,$D31) -> 0 | AC31: =COUNTIF(JADWAL!AC$6:AC$195,$D31) -> 1 | AD31: =COUNTIF(JADWAL!AD$6:AD$195,$D31) -> 1 | AE31: =COUNTIF(JADWAL!AE$6:AE$195,$D31) -> 0 | AF31: =COUNTIF(JADWAL!AF$6:AF$195,$D31) -> 0 | AG31: =COUNTIF(JADWAL!AG$6:AG$195,$D31) -> 0 | AH31: =COUNTIF(JADWAL!AH$6:AH$195,$D31) -> 0 | AK31: =SUM(V31:AJ31) -> 2 | AM31: =COUNTIF(JADWAL!AM$6:AM$195,$D31) -> 0 | AN31: =COUNTIF(JADWAL!AN$6:AN$195,$D31) -> 1 | AO31: =COUNTIF(JADWAL!AO$6:AO$195,$D31) -> 1 | AP31: =COUNTIF(JADWAL!AP$6:AP$195,$D31) -> 1 | AQ31: =COUNTIF(JADWAL!AQ$6:AQ$195,$D31) -> 1 | AS31: =COUNTIF(JADWAL!AS$6:AS$195,$D31) -> 1 | AT31: =COUNTIF(JADWAL!AT$6:AT$195,$D31) -> 1 | AU31: =COUNTIF(JADWAL!AU$6:AU$195,$D31) -> 0 | AV31: =COUNTIF(JADWAL!AV$6:AV$195,$D31) -> 0 | AW31: =COUNTIF(JADWAL!AW$6:AW$195,$D31) -> 0 | AX31: =COUNTIF(JADWAL!AX$6:AX$195,$D31) -> 0 | AY31: =COUNTIF(JADWAL!AY$6:AY$195,$D31) -> 0 | AZ31: =COUNTIF(JADWAL!AZ$6:AZ$195,$D31) -> 0 | BA31: =COUNTIF(JADWAL!BA$6:BA$195,$D31) -> 0 | BB31: =SUM(AL31:BA31) -> 6 | BE31: =COUNTIF(JADWAL!BF$6:BF$195,$D31) -> 0 | BF31: =COUNTIF(JADWAL!BG$6:BG$195,$D31) -> 0 | BG31: =COUNTIF(JADWAL!BH$6:BH$195,$D31) -> 0 | BH31: =COUNTIF(JADWAL!BI$6:BI$195,$D31) -> 0 | BI31: =COUNTIF(JADWAL!BJ$6:BJ$195,$D31) -> 0 | BK31: =COUNTIF(JADWAL!BL$6:BL$195,$D31) -> 0 | BL31: =COUNTIF(JADWAL!BM$6:BM$195,$D31) -> 1 | BM31: =COUNTIF(JADWAL!BN$6:BN$195,$D31) -> 1 | BN31: =COUNTIF(JADWAL!BO$6:BO$195,$D31) -> 0 | BO31: =COUNTIF(JADWAL!BP$6:BP$195,$D31) -> 0 | BP31: =COUNTIF(JADWAL!BQ$6:BQ$195,$D31) -> 0 | BQ31: =COUNTIF(JADWAL!BR$6:BR$195,$D31) -> 0 | BS31: =COUNTIF(JADWAL!BT$6:BT$195,$D31) -> 0 | BT31: =SUM(BE31:BS31) -> 2 | BV31: =COUNTIF(JADWAL!BW$6:BW$195,$D31) -> 0 | BW31: =COUNTIF(JADWAL!BX$6:BX$195,$D31) -> 1 | BX31: =COUNTIF(JADWAL!BY$6:BY$195,$D31) -> 1 | BY31: =COUNTIF(JADWAL!BZ$6:BZ$195,$D31) -> 1 | BZ31: =COUNTIF(JADWAL!CA$6:CA$195,$D31) -> 1 | CA31: =COUNTIF(JADWAL!CB$6:CB$195,$D31) -> 1 | CB31: =COUNTIF(JADWAL!CC$6:CC$195,$D31) -> 1 | CD31: =COUNTIF(JADWAL!CE$6:CE$195,$D31) -> 0 | CE31: =COUNTIF(JADWAL!CF$6:CF$195,$D31) -> 0 | CF31: =COUNTIF(JADWAL!CG$6:CG$195,$D31) -> 0 | CG31: =COUNTIF(JADWAL!CH$6:CH$195,$D31) -> 0 | CH31: =COUNTIF(JADWAL!CI$6:CI$195,$D31) -> 0 | CI31: =COUNTIF(JADWAL!CJ$6:CJ$195,$D31) -> 0 | CK31: =SUM(BV31:CJ31) -> 6 | CL31: =T31+AK31+BB31+BT31+CK31 -> 24
A32: ='MASTER GURU HARIAN'!A34 -> 30 | B32: ='MASTER GURU HARIAN'!B34 -> INA MARINA, S.T.,S.Pd. | C32: ='MASTER GURU HARIAN'!C34 -> G30 | D32: ='MASTER GURU HARIAN'!D34 -> INA | F32: =COUNTIF(JADWAL!F$6:F$195,$D32) -> 0 | G32: =COUNTIF(JADWAL!G$6:G$195,$D32) -> 0 | H32: =COUNTIF(JADWAL!H$6:H$195,$D32) -> 0 | I32: =COUNTIF(JADWAL!I$6:I$195,$D32) -> 0 | J32: =COUNTIF(JADWAL!J$6:J$195,$D32) -> 0 | K32: =COUNTIF(JADWAL!K$6:K$195,$D32) -> 0 | L32: =COUNTIF(JADWAL!L$6:L$195,$D32) -> 0 | M32: =COUNTIF(JADWAL!M$6:M$195,$D32) -> 0 | ... S32: =COUNTIF(JADWAL!S$6:S$195,$D32) -> 0 | T32: =SUM(D32:S32) -> 0 | V32: =COUNTIF(JADWAL!V$6:V$195,$D32) -> 0 | W32: =COUNTIF(JADWAL!W$6:W$195,$D32) -> 0 | X32: =COUNTIF(JADWAL!X$6:X$195,$D32) -> 0 | Y32: =COUNTIF(JADWAL!Y$6:Y$195,$D32) -> 0 | Z32: =COUNTIF(JADWAL!Z$6:Z$195,$D32) -> 0 | AB32: =COUNTIF(JADWAL!AB$6:AB$195,$D32) -> 1 | AC32: =COUNTIF(JADWAL!AC$6:AC$195,$D32) -> 1 | AD32: =COUNTIF(JADWAL!AD$6:AD$195,$D32) -> 0 | AE32: =COUNTIF(JADWAL!AE$6:AE$195,$D32) -> 1 | AF32: =COUNTIF(JADWAL!AF$6:AF$195,$D32) -> 1 | AG32: =COUNTIF(JADWAL!AG$6:AG$195,$D32) -> 1 | AH32: =COUNTIF(JADWAL!AH$6:AH$195,$D32) -> 0 | AK32: =SUM(V32:AJ32) -> 5 | AM32: =COUNTIF(JADWAL!AM$6:AM$195,$D32) -> 0 | AN32: =COUNTIF(JADWAL!AN$6:AN$195,$D32) -> 0 | AO32: =COUNTIF(JADWAL!AO$6:AO$195,$D32) -> 0 | AP32: =COUNTIF(JADWAL!AP$6:AP$195,$D32) -> 1 | AQ32: =COUNTIF(JADWAL!AQ$6:AQ$195,$D32) -> 1 | AS32: =COUNTIF(JADWAL!AS$6:AS$195,$D32) -> 1 | AT32: =COUNTIF(JADWAL!AT$6:AT$195,$D32) -> 1 | AU32: =COUNTIF(JADWAL!AU$6:AU$195,$D32) -> 0 | AV32: =COUNTIF(JADWAL!AV$6:AV$195,$D32) -> 1 | AW32: =COUNTIF(JADWAL!AW$6:AW$195,$D32) -> 1 | AX32: =COUNTIF(JADWAL!AX$6:AX$195,$D32) -> 1 | AY32: =COUNTIF(JADWAL!AY$6:AY$195,$D32) -> 0 | AZ32: =COUNTIF(JADWAL!AZ$6:AZ$195,$D32) -> 0 | BA32: =COUNTIF(JADWAL!BA$6:BA$195,$D32) -> 0 | BB32: =SUM(AL32:BA32) -> 7 | BE32: =COUNTIF(JADWAL!BF$6:BF$195,$D32) -> 0 | BF32: =COUNTIF(JADWAL!BG$6:BG$195,$D32) -> 0 | BG32: =COUNTIF(JADWAL!BH$6:BH$195,$D32) -> 1 | BH32: =COUNTIF(JADWAL!BI$6:BI$195,$D32) -> 1 | BI32: =COUNTIF(JADWAL!BJ$6:BJ$195,$D32) -> 1 | BK32: =COUNTIF(JADWAL!BL$6:BL$195,$D32) -> 1 | BL32: =COUNTIF(JADWAL!BM$6:BM$195,$D32) -> 1 | BM32: =COUNTIF(JADWAL!BN$6:BN$195,$D32) -> 0 | BN32: =COUNTIF(JADWAL!BO$6:BO$195,$D32) -> 1 | BO32: =COUNTIF(JADWAL!BP$6:BP$195,$D32) -> 1 | BP32: =COUNTIF(JADWAL!BQ$6:BQ$195,$D32) -> 0 | BQ32: =COUNTIF(JADWAL!BR$6:BR$195,$D32) -> 0 | BS32: =COUNTIF(JADWAL!BT$6:BT$195,$D32) -> 0 | BT32: =SUM(BE32:BS32) -> 7 | BV32: =COUNTIF(JADWAL!BW$6:BW$195,$D32) -> 0 | BW32: =COUNTIF(JADWAL!BX$6:BX$195,$D32) -> 1 | BX32: =COUNTIF(JADWAL!BY$6:BY$195,$D32) -> 1 | BY32: =COUNTIF(JADWAL!BZ$6:BZ$195,$D32) -> 1 | BZ32: =COUNTIF(JADWAL!CA$6:CA$195,$D32) -> 1 | CA32: =COUNTIF(JADWAL!CB$6:CB$195,$D32) -> 1 | CB32: =COUNTIF(JADWAL!CC$6:CC$195,$D32) -> 0 | CD32: =COUNTIF(JADWAL!CE$6:CE$195,$D32) -> 0 | CE32: =COUNTIF(JADWAL!CF$6:CF$195,$D32) -> 0 | CF32: =COUNTIF(JADWAL!CG$6:CG$195,$D32) -> 0 | CG32: =COUNTIF(JADWAL!CH$6:CH$195,$D32) -> 0 | CH32: =COUNTIF(JADWAL!CI$6:CI$195,$D32) -> 0 | CI32: =COUNTIF(JADWAL!CJ$6:CJ$195,$D32) -> 0 | CK32: =SUM(BV32:CJ32) -> 5 | CL32: =T32+AK32+BB32+BT32+CK32 -> 24
A33: ='MASTER GURU HARIAN'!A35 -> 31 | B33: ='MASTER GURU HARIAN'!B35 -> DANTY, S.Pd. | C33: ='MASTER GURU HARIAN'!C35 -> G31 | D33: ='MASTER GURU HARIAN'!D35 -> DANTY | F33: =COUNTIF(JADWAL!F$6:F$195,$D33) -> 0 | G33: =COUNTIF(JADWAL!G$6:G$195,$D33) -> 0 | H33: =COUNTIF(JADWAL!H$6:H$195,$D33) -> 0 | I33: =COUNTIF(JADWAL!I$6:I$195,$D33) -> 0 | J33: =COUNTIF(JADWAL!J$6:J$195,$D33) -> 0 | K33: =COUNTIF(JADWAL!K$6:K$195,$D33) -> 0 | L33: =COUNTIF(JADWAL!L$6:L$195,$D33) -> 0 | M33: =COUNTIF(JADWAL!M$6:M$195,$D33) -> 0 | ... S33: =COUNTIF(JADWAL!S$6:S$195,$D33) -> 0 | T33: =SUM(D33:S33) -> 0 | V33: =COUNTIF(JADWAL!V$6:V$195,$D33) -> 0 | W33: =COUNTIF(JADWAL!W$6:W$195,$D33) -> 0 | X33: =COUNTIF(JADWAL!X$6:X$195,$D33) -> 1 | Y33: =COUNTIF(JADWAL!Y$6:Y$195,$D33) -> 1 | Z33: =COUNTIF(JADWAL!Z$6:Z$195,$D33) -> 1 | AB33: =COUNTIF(JADWAL!AB$6:AB$195,$D33) -> 1 | AC33: =COUNTIF(JADWAL!AC$6:AC$195,$D33) -> 0 | AD33: =COUNTIF(JADWAL!AD$6:AD$195,$D33) -> 0 | AE33: =COUNTIF(JADWAL!AE$6:AE$195,$D33) -> 1 | AF33: =COUNTIF(JADWAL!AF$6:AF$195,$D33) -> 1 | AG33: =COUNTIF(JADWAL!AG$6:AG$195,$D33) -> 1 | AH33: =COUNTIF(JADWAL!AH$6:AH$195,$D33) -> 1 | AK33: =SUM(V33:AJ33) -> 8 | AM33: =COUNTIF(JADWAL!AM$6:AM$195,$D33) -> 0 | AN33: =COUNTIF(JADWAL!AN$6:AN$195,$D33) -> 0 | AO33: =COUNTIF(JADWAL!AO$6:AO$195,$D33) -> 0 | AP33: =COUNTIF(JADWAL!AP$6:AP$195,$D33) -> 1 | AQ33: =COUNTIF(JADWAL!AQ$6:AQ$195,$D33) -> 1 | AS33: =COUNTIF(JADWAL!AS$6:AS$195,$D33) -> 1 | AT33: =COUNTIF(JADWAL!AT$6:AT$195,$D33) -> 1 | AU33: =COUNTIF(JADWAL!AU$6:AU$195,$D33) -> 0 | AV33: =COUNTIF(JADWAL!AV$6:AV$195,$D33) -> 0 | AW33: =COUNTIF(JADWAL!AW$6:AW$195,$D33) -> 0 | AX33: =COUNTIF(JADWAL!AX$6:AX$195,$D33) -> 0 | AY33: =COUNTIF(JADWAL!AY$6:AY$195,$D33) -> 0 | AZ33: =COUNTIF(JADWAL!AZ$6:AZ$195,$D33) -> 0 | BA33: =COUNTIF(JADWAL!BA$6:BA$195,$D33) -> 0 | BB33: =SUM(AL33:BA33) -> 4 | BE33: =COUNTIF(JADWAL!BF$6:BF$195,$D33) -> 1 | BF33: =COUNTIF(JADWAL!BG$6:BG$195,$D33) -> 1 | BG33: =COUNTIF(JADWAL!BH$6:BH$195,$D33) -> 1 | BH33: =COUNTIF(JADWAL!BI$6:BI$195,$D33) -> 1 | BI33: =COUNTIF(JADWAL!BJ$6:BJ$195,$D33) -> 1 | BK33: =COUNTIF(JADWAL!BL$6:BL$195,$D33) -> 1 | BL33: =COUNTIF(JADWAL!BM$6:BM$195,$D33) -> 0 | BM33: =COUNTIF(JADWAL!BN$6:BN$195,$D33) -> 0 | BN33: =COUNTIF(JADWAL!BO$6:BO$195,$D33) -> 0 | BO33: =COUNTIF(JADWAL!BP$6:BP$195,$D33) -> 0 | BP33: =COUNTIF(JADWAL!BQ$6:BQ$195,$D33) -> 0 | BQ33: =COUNTIF(JADWAL!BR$6:BR$195,$D33) -> 0 | BS33: =COUNTIF(JADWAL!BT$6:BT$195,$D33) -> 0 | BT33: =SUM(BE33:BS33) -> 6 | BV33: =COUNTIF(JADWAL!BW$6:BW$195,$D33) -> 0 | BW33: =COUNTIF(JADWAL!BX$6:BX$195,$D33) -> 1 | BX33: =COUNTIF(JADWAL!BY$6:BY$195,$D33) -> 1 | BY33: =COUNTIF(JADWAL!BZ$6:BZ$195,$D33) -> 1 | BZ33: =COUNTIF(JADWAL!CA$6:CA$195,$D33) -> 1 | CA33: =COUNTIF(JADWAL!CB$6:CB$195,$D33) -> 1 | CB33: =COUNTIF(JADWAL!CC$6:CC$195,$D33) -> 1 | CD33: =COUNTIF(JADWAL!CE$6:CE$195,$D33) -> 1 | CE33: =COUNTIF(JADWAL!CF$6:CF$195,$D33) -> 1 | CF33: =COUNTIF(JADWAL!CG$6:CG$195,$D33) -> 0 | CG33: =COUNTIF(JADWAL!CH$6:CH$195,$D33) -> 0 | CH33: =COUNTIF(JADWAL!CI$6:CI$195,$D33) -> 0 | CI33: =COUNTIF(JADWAL!CJ$6:CJ$195,$D33) -> 0 | CK33: =SUM(BV33:CJ33) -> 8 | CL33: =T33+AK33+BB33+BT33+CK33 -> 26
A34: ='MASTER GURU HARIAN'!A36 -> 32 | B34: ='MASTER GURU HARIAN'!B36 -> SUGIYATMI, S.Si | C34: ='MASTER GURU HARIAN'!C36 -> G32 | D34: ='MASTER GURU HARIAN'!D36 -> SUGI | F34: =COUNTIF(JADWAL!F$6:F$195,$D34) -> 0 | G34: =COUNTIF(JADWAL!G$6:G$195,$D34) -> 0 | H34: =COUNTIF(JADWAL!H$6:H$195,$D34) -> 1 | I34: =COUNTIF(JADWAL!I$6:I$195,$D34) -> 1 | J34: =COUNTIF(JADWAL!J$6:J$195,$D34) -> 0 | K34: =COUNTIF(JADWAL!K$6:K$195,$D34) -> 1 | L34: =COUNTIF(JADWAL!L$6:L$195,$D34) -> 1 | M34: =COUNTIF(JADWAL!M$6:M$195,$D34) -> 0 | ... S34: =COUNTIF(JADWAL!S$6:S$195,$D34) -> 0 | T34: =SUM(D34:S34) -> 8 | V34: =COUNTIF(JADWAL!V$6:V$195,$D34) -> 0 | W34: =COUNTIF(JADWAL!W$6:W$195,$D34) -> 0 | X34: =COUNTIF(JADWAL!X$6:X$195,$D34) -> 0 | Y34: =COUNTIF(JADWAL!Y$6:Y$195,$D34) -> 0 | Z34: =COUNTIF(JADWAL!Z$6:Z$195,$D34) -> 1 | AB34: =COUNTIF(JADWAL!AB$6:AB$195,$D34) -> 1 | AC34: =COUNTIF(JADWAL!AC$6:AC$195,$D34) -> 0 | AD34: =COUNTIF(JADWAL!AD$6:AD$195,$D34) -> 0 | AE34: =COUNTIF(JADWAL!AE$6:AE$195,$D34) -> 1 | AF34: =COUNTIF(JADWAL!AF$6:AF$195,$D34) -> 1 | AG34: =COUNTIF(JADWAL!AG$6:AG$195,$D34) -> 1 | AH34: =COUNTIF(JADWAL!AH$6:AH$195,$D34) -> 1 | AK34: =SUM(V34:AJ34) -> 6 | AM34: =COUNTIF(JADWAL!AM$6:AM$195,$D34) -> 0 | AN34: =COUNTIF(JADWAL!AN$6:AN$195,$D34) -> 1 | AO34: =COUNTIF(JADWAL!AO$6:AO$195,$D34) -> 1 | AP34: =COUNTIF(JADWAL!AP$6:AP$195,$D34) -> 1 | AQ34: =COUNTIF(JADWAL!AQ$6:AQ$195,$D34) -> 1 | AS34: =COUNTIF(JADWAL!AS$6:AS$195,$D34) -> 1 | AT34: =COUNTIF(JADWAL!AT$6:AT$195,$D34) -> 1 | AU34: =COUNTIF(JADWAL!AU$6:AU$195,$D34) -> 0 | AV34: =COUNTIF(JADWAL!AV$6:AV$195,$D34) -> 1 | AW34: =COUNTIF(JADWAL!AW$6:AW$195,$D34) -> 1 | AX34: =COUNTIF(JADWAL!AX$6:AX$195,$D34) -> 1 | AY34: =COUNTIF(JADWAL!AY$6:AY$195,$D34) -> 1 | AZ34: =COUNTIF(JADWAL!AZ$6:AZ$195,$D34) -> 0 | BA34: =COUNTIF(JADWAL!BA$6:BA$195,$D34) -> 0 | BB34: =SUM(AL34:BA34) -> 10 | BE34: =COUNTIF(JADWAL!BF$6:BF$195,$D34) -> 0 | BF34: =COUNTIF(JADWAL!BG$6:BG$195,$D34) -> 0 | BG34: =COUNTIF(JADWAL!BH$6:BH$195,$D34) -> 1 | BH34: =COUNTIF(JADWAL!BI$6:BI$195,$D34) -> 1 | BI34: =COUNTIF(JADWAL!BJ$6:BJ$195,$D34) -> 1 | BK34: =COUNTIF(JADWAL!BL$6:BL$195,$D34) -> 1 | BL34: =COUNTIF(JADWAL!BM$6:BM$195,$D34) -> 0 | BM34: =COUNTIF(JADWAL!BN$6:BN$195,$D34) -> 0 | BN34: =COUNTIF(JADWAL!BO$6:BO$195,$D34) -> 0 | BO34: =COUNTIF(JADWAL!BP$6:BP$195,$D34) -> 0 | BP34: =COUNTIF(JADWAL!BQ$6:BQ$195,$D34) -> 0 | BQ34: =COUNTIF(JADWAL!BR$6:BR$195,$D34) -> 0 | BS34: =COUNTIF(JADWAL!BT$6:BT$195,$D34) -> 0 | BT34: =SUM(BE34:BS34) -> 4 | BV34: =COUNTIF(JADWAL!BW$6:BW$195,$D34) -> 0 | BW34: =COUNTIF(JADWAL!BX$6:BX$195,$D34) -> 0 | BX34: =COUNTIF(JADWAL!BY$6:BY$195,$D34) -> 0 | BY34: =COUNTIF(JADWAL!BZ$6:BZ$195,$D34) -> 0 | BZ34: =COUNTIF(JADWAL!CA$6:CA$195,$D34) -> 0 | CA34: =COUNTIF(JADWAL!CB$6:CB$195,$D34) -> 0 | CB34: =COUNTIF(JADWAL!CC$6:CC$195,$D34) -> 0 | CD34: =COUNTIF(JADWAL!CE$6:CE$195,$D34) -> 0 | CE34: =COUNTIF(JADWAL!CF$6:CF$195,$D34) -> 0 | CF34: =COUNTIF(JADWAL!CG$6:CG$195,$D34) -> 0 | CG34: =COUNTIF(JADWAL!CH$6:CH$195,$D34) -> 0 | CH34: =COUNTIF(JADWAL!CI$6:CI$195,$D34) -> 0 | CI34: =COUNTIF(JADWAL!CJ$6:CJ$195,$D34) -> 0 | CK34: =SUM(BV34:CJ34) -> 0 | CL34: =T34+AK34+BB34+BT34+CK34 -> 28
A35: ='MASTER GURU HARIAN'!A37 -> 33 | B35: ='MASTER GURU HARIAN'!B37 -> ULI SOLIHAT KAMALUDDIN, S.Si. | C35: ='MASTER GURU HARIAN'!C37 -> G33 | D35: ='MASTER GURU HARIAN'!D37 -> ULI | F35: =COUNTIF(JADWAL!F$6:F$195,$D35) -> 1 | G35: =COUNTIF(JADWAL!G$6:G$195,$D35) -> 1 | H35: =COUNTIF(JADWAL!H$6:H$195,$D35) -> 1 | I35: =COUNTIF(JADWAL!I$6:I$195,$D35) -> 1 | J35: =COUNTIF(JADWAL!J$6:J$195,$D35) -> 0 | K35: =COUNTIF(JADWAL!K$6:K$195,$D35) -> 1 | L35: =COUNTIF(JADWAL!L$6:L$195,$D35) -> 1 | M35: =COUNTIF(JADWAL!M$6:M$195,$D35) -> 0 | ... S35: =COUNTIF(JADWAL!S$6:S$195,$D35) -> 0 | T35: =SUM(D35:S35) -> 10 | V35: =COUNTIF(JADWAL!V$6:V$195,$D35) -> 1 | W35: =COUNTIF(JADWAL!W$6:W$195,$D35) -> 1 | X35: =COUNTIF(JADWAL!X$6:X$195,$D35) -> 1 | Y35: =COUNTIF(JADWAL!Y$6:Y$195,$D35) -> 1 | Z35: =COUNTIF(JADWAL!Z$6:Z$195,$D35) -> 1 | AB35: =COUNTIF(JADWAL!AB$6:AB$195,$D35) -> 1 | AC35: =COUNTIF(JADWAL!AC$6:AC$195,$D35) -> 1 | AD35: =COUNTIF(JADWAL!AD$6:AD$195,$D35) -> 0 | AE35: =COUNTIF(JADWAL!AE$6:AE$195,$D35) -> 1 | AF35: =COUNTIF(JADWAL!AF$6:AF$195,$D35) -> 1 | AG35: =COUNTIF(JADWAL!AG$6:AG$195,$D35) -> 1 | AH35: =COUNTIF(JADWAL!AH$6:AH$195,$D35) -> 0 | AK35: =SUM(V35:AJ35) -> 10 | AM35: =COUNTIF(JADWAL!AM$6:AM$195,$D35) -> 0 | AN35: =COUNTIF(JADWAL!AN$6:AN$195,$D35) -> 1 | AO35: =COUNTIF(JADWAL!AO$6:AO$195,$D35) -> 1 | AP35: =COUNTIF(JADWAL!AP$6:AP$195,$D35) -> 0 | AQ35: =COUNTIF(JADWAL!AQ$6:AQ$195,$D35) -> 0 | AS35: =COUNTIF(JADWAL!AS$6:AS$195,$D35) -> 0 | AT35: =COUNTIF(JADWAL!AT$6:AT$195,$D35) -> 0 | AU35: =COUNTIF(JADWAL!AU$6:AU$195,$D35) -> 0 | AV35: =COUNTIF(JADWAL!AV$6:AV$195,$D35) -> 0 | AW35: =COUNTIF(JADWAL!AW$6:AW$195,$D35) -> 0 | AX35: =COUNTIF(JADWAL!AX$6:AX$195,$D35) -> 0 | AY35: =COUNTIF(JADWAL!AY$6:AY$195,$D35) -> 0 | AZ35: =COUNTIF(JADWAL!AZ$6:AZ$195,$D35) -> 0 | BA35: =COUNTIF(JADWAL!BA$6:BA$195,$D35) -> 0 | BB35: =SUM(AL35:BA35) -> 2 | BE35: =COUNTIF(JADWAL!BF$6:BF$195,$D35) -> 0 | BF35: =COUNTIF(JADWAL!BG$6:BG$195,$D35) -> 0 | BG35: =COUNTIF(JADWAL!BH$6:BH$195,$D35) -> 0 | BH35: =COUNTIF(JADWAL!BI$6:BI$195,$D35) -> 0 | BI35: =COUNTIF(JADWAL!BJ$6:BJ$195,$D35) -> 0 | BK35: =COUNTIF(JADWAL!BL$6:BL$195,$D35) -> 0 | BL35: =COUNTIF(JADWAL!BM$6:BM$195,$D35) -> 0 | BM35: =COUNTIF(JADWAL!BN$6:BN$195,$D35) -> 0 | BN35: =COUNTIF(JADWAL!BO$6:BO$195,$D35) -> 0 | BO35: =COUNTIF(JADWAL!BP$6:BP$195,$D35) -> 0 | BP35: =COUNTIF(JADWAL!BQ$6:BQ$195,$D35) -> 0 | BQ35: =COUNTIF(JADWAL!BR$6:BR$195,$D35) -> 0 | BS35: =COUNTIF(JADWAL!BT$6:BT$195,$D35) -> 0 | BT35: =SUM(BE35:BS35) -> 0 | BV35: =COUNTIF(JADWAL!BW$6:BW$195,$D35) -> 0 | BW35: =COUNTIF(JADWAL!BX$6:BX$195,$D35) -> 1 | BX35: =COUNTIF(JADWAL!BY$6:BY$195,$D35) -> 1 | BY35: =COUNTIF(JADWAL!BZ$6:BZ$195,$D35) -> 1 | BZ35: =COUNTIF(JADWAL!CA$6:CA$195,$D35) -> 1 | CA35: =COUNTIF(JADWAL!CB$6:CB$195,$D35) -> 1 | CB35: =COUNTIF(JADWAL!CC$6:CC$195,$D35) -> 1 | CD35: =COUNTIF(JADWAL!CE$6:CE$195,$D35) -> 0 | CE35: =COUNTIF(JADWAL!CF$6:CF$195,$D35) -> 0 | CF35: =COUNTIF(JADWAL!CG$6:CG$195,$D35) -> 0 | CG35: =COUNTIF(JADWAL!CH$6:CH$195,$D35) -> 0 | CH35: =COUNTIF(JADWAL!CI$6:CI$195,$D35) -> 0 | CI35: =COUNTIF(JADWAL!CJ$6:CJ$195,$D35) -> 0 | CK35: =SUM(BV35:CJ35) -> 6 | CL35: =T35+AK35+BB35+BT35+CK35 -> 28
A36: ='MASTER GURU HARIAN'!A38 -> 34 | B36: ='MASTER GURU HARIAN'!B38 -> ATEP AULIA RAHMAN, S.T.,M.Kom. | C36: ='MASTER GURU HARIAN'!C38 -> G34 | D36: ='MASTER GURU HARIAN'!D38 -> ATEP | F36: =COUNTIF(JADWAL!F$6:F$195,$D36) -> 0 | G36: =COUNTIF(JADWAL!G$6:G$195,$D36) -> 0 | H36: =COUNTIF(JADWAL!H$6:H$195,$D36) -> 0 | I36: =COUNTIF(JADWAL!I$6:I$195,$D36) -> 0 | J36: =COUNTIF(JADWAL!J$6:J$195,$D36) -> 0 | K36: =COUNTIF(JADWAL!K$6:K$195,$D36) -> 1 | L36: =COUNTIF(JADWAL!L$6:L$195,$D36) -> 1 | M36: =COUNTIF(JADWAL!M$6:M$195,$D36) -> 0 | ... S36: =COUNTIF(JADWAL!S$6:S$195,$D36) -> 0 | T36: =SUM(D36:S36) -> 6 | V36: =COUNTIF(JADWAL!V$6:V$195,$D36) -> 1 | W36: =COUNTIF(JADWAL!W$6:W$195,$D36) -> 1 | X36: =COUNTIF(JADWAL!X$6:X$195,$D36) -> 1 | Y36: =COUNTIF(JADWAL!Y$6:Y$195,$D36) -> 1 | Z36: =COUNTIF(JADWAL!Z$6:Z$195,$D36) -> 1 | AB36: =COUNTIF(JADWAL!AB$6:AB$195,$D36) -> 1 | AC36: =COUNTIF(JADWAL!AC$6:AC$195,$D36) -> 0 | AD36: =COUNTIF(JADWAL!AD$6:AD$195,$D36) -> 0 | AE36: =COUNTIF(JADWAL!AE$6:AE$195,$D36) -> 0 | AF36: =COUNTIF(JADWAL!AF$6:AF$195,$D36) -> 0 | AG36: =COUNTIF(JADWAL!AG$6:AG$195,$D36) -> 0 | AH36: =COUNTIF(JADWAL!AH$6:AH$195,$D36) -> 0 | AK36: =SUM(V36:AJ36) -> 6 | AM36: =COUNTIF(JADWAL!AM$6:AM$195,$D36) -> 0 | AN36: =COUNTIF(JADWAL!AN$6:AN$195,$D36) -> 1 | AO36: =COUNTIF(JADWAL!AO$6:AO$195,$D36) -> 1 | AP36: =COUNTIF(JADWAL!AP$6:AP$195,$D36) -> 1 | AQ36: =COUNTIF(JADWAL!AQ$6:AQ$195,$D36) -> 1 | AS36: =COUNTIF(JADWAL!AS$6:AS$195,$D36) -> 1 | AT36: =COUNTIF(JADWAL!AT$6:AT$195,$D36) -> 1 | AU36: =COUNTIF(JADWAL!AU$6:AU$195,$D36) -> 0 | AV36: =COUNTIF(JADWAL!AV$6:AV$195,$D36) -> 1 | AW36: =COUNTIF(JADWAL!AW$6:AW$195,$D36) -> 1 | AX36: =COUNTIF(JADWAL!AX$6:AX$195,$D36) -> 1 | AY36: =COUNTIF(JADWAL!AY$6:AY$195,$D36) -> 1 | AZ36: =COUNTIF(JADWAL!AZ$6:AZ$195,$D36) -> 0 | BA36: =COUNTIF(JADWAL!BA$6:BA$195,$D36) -> 0 | BB36: =SUM(AL36:BA36) -> 10 | BE36: =COUNTIF(JADWAL!BF$6:BF$195,$D36) -> 0 | BF36: =COUNTIF(JADWAL!BG$6:BG$195,$D36) -> 0 | BG36: =COUNTIF(JADWAL!BH$6:BH$195,$D36) -> 0 | BH36: =COUNTIF(JADWAL!BI$6:BI$195,$D36) -> 0 | BI36: =COUNTIF(JADWAL!BJ$6:BJ$195,$D36) -> 0 | BK36: =COUNTIF(JADWAL!BL$6:BL$195,$D36) -> 0 | BL36: =COUNTIF(JADWAL!BM$6:BM$195,$D36) -> 1 | BM36: =COUNTIF(JADWAL!BN$6:BN$195,$D36) -> 1 | BN36: =COUNTIF(JADWAL!BO$6:BO$195,$D36) -> 0 | BO36: =COUNTIF(JADWAL!BP$6:BP$195,$D36) -> 1 | BP36: =COUNTIF(JADWAL!BQ$6:BQ$195,$D36) -> 1 | BQ36: =COUNTIF(JADWAL!BR$6:BR$195,$D36) -> 0 | BS36: =COUNTIF(JADWAL!BT$6:BT$195,$D36) -> 0 | BT36: =SUM(BE36:BS36) -> 4 | BV36: =COUNTIF(JADWAL!BW$6:BW$195,$D36) -> 0 | BW36: =COUNTIF(JADWAL!BX$6:BX$195,$D36) -> 0 | BX36: =COUNTIF(JADWAL!BY$6:BY$195,$D36) -> 0 | BY36: =COUNTIF(JADWAL!BZ$6:BZ$195,$D36) -> 0 | BZ36: =COUNTIF(JADWAL!CA$6:CA$195,$D36) -> 0 | CA36: =COUNTIF(JADWAL!CB$6:CB$195,$D36) -> 0 | CB36: =COUNTIF(JADWAL!CC$6:CC$195,$D36) -> 0 | CD36: =COUNTIF(JADWAL!CE$6:CE$195,$D36) -> 1 | CE36: =COUNTIF(JADWAL!CF$6:CF$195,$D36) -> 1 | CF36: =COUNTIF(JADWAL!CG$6:CG$195,$D36) -> 1 | CG36: =COUNTIF(JADWAL!CH$6:CH$195,$D36) -> 1 | CH36: =COUNTIF(JADWAL!CI$6:CI$195,$D36) -> 0 | CI36: =COUNTIF(JADWAL!CJ$6:CJ$195,$D36) -> 0 | CK36: =SUM(BV36:CJ36) -> 4 | CL36: =T36+AK36+BB36+BT36+CK36 -> 30
A37: ='MASTER GURU HARIAN'!A39 -> 35 | B37: ='MASTER GURU HARIAN'!B39 -> ENDANG SUNANDAR, S.Pd. M.PKim | C37: ='MASTER GURU HARIAN'!C39 -> G35 | D37: ='MASTER GURU HARIAN'!D39 -> ENDANG | F37: =COUNTIF(JADWAL!F$6:F$195,$D37) -> 1 | G37: =COUNTIF(JADWAL!G$6:G$195,$D37) -> 1 | H37: =COUNTIF(JADWAL!H$6:H$195,$D37) -> 0 | I37: =COUNTIF(JADWAL!I$6:I$195,$D37) -> 1 | J37: =COUNTIF(JADWAL!J$6:J$195,$D37) -> 0 | K37: =COUNTIF(JADWAL!K$6:K$195,$D37) -> 1 | L37: =COUNTIF(JADWAL!L$6:L$195,$D37) -> 1 | M37: =COUNTIF(JADWAL!M$6:M$195,$D37) -> 0 | ... S37: =COUNTIF(JADWAL!S$6:S$195,$D37) -> 0 | T37: =SUM(D37:S37) -> 9 | V37: =COUNTIF(JADWAL!V$6:V$195,$D37) -> 0 | W37: =COUNTIF(JADWAL!W$6:W$195,$D37) -> 0 | X37: =COUNTIF(JADWAL!X$6:X$195,$D37) -> 0 | Y37: =COUNTIF(JADWAL!Y$6:Y$195,$D37) -> 1 | Z37: =COUNTIF(JADWAL!Z$6:Z$195,$D37) -> 1 | AB37: =COUNTIF(JADWAL!AB$6:AB$195,$D37) -> 1 | AC37: =COUNTIF(JADWAL!AC$6:AC$195,$D37) -> 1 | AD37: =COUNTIF(JADWAL!AD$6:AD$195,$D37) -> 0 | AE37: =COUNTIF(JADWAL!AE$6:AE$195,$D37) -> 1 | AF37: =COUNTIF(JADWAL!AF$6:AF$195,$D37) -> 1 | AG37: =COUNTIF(JADWAL!AG$6:AG$195,$D37) -> 1 | AH37: =COUNTIF(JADWAL!AH$6:AH$195,$D37) -> 0 | AK37: =SUM(V37:AJ37) -> 7 | AM37: =COUNTIF(JADWAL!AM$6:AM$195,$D37) -> 0 | AN37: =COUNTIF(JADWAL!AN$6:AN$195,$D37) -> 1 | AO37: =COUNTIF(JADWAL!AO$6:AO$195,$D37) -> 1 | AP37: =COUNTIF(JADWAL!AP$6:AP$195,$D37) -> 1 | AQ37: =COUNTIF(JADWAL!AQ$6:AQ$195,$D37) -> 1 | AS37: =COUNTIF(JADWAL!AS$6:AS$195,$D37) -> 1 | AT37: =COUNTIF(JADWAL!AT$6:AT$195,$D37) -> 1 | AU37: =COUNTIF(JADWAL!AU$6:AU$195,$D37) -> 1 | AV37: =COUNTIF(JADWAL!AV$6:AV$195,$D37) -> 0 | AW37: =COUNTIF(JADWAL!AW$6:AW$195,$D37) -> 0 | AX37: =COUNTIF(JADWAL!AX$6:AX$195,$D37) -> 0 | AY37: =COUNTIF(JADWAL!AY$6:AY$195,$D37) -> 0 | AZ37: =COUNTIF(JADWAL!AZ$6:AZ$195,$D37) -> 0 | BA37: =COUNTIF(JADWAL!BA$6:BA$195,$D37) -> 0 | BB37: =SUM(AL37:BA37) -> 7 | BE37: =COUNTIF(JADWAL!BF$6:BF$195,$D37) -> 1 | BF37: =COUNTIF(JADWAL!BG$6:BG$195,$D37) -> 1 | BG37: =COUNTIF(JADWAL!BH$6:BH$195,$D37) -> 0 | BH37: =COUNTIF(JADWAL!BI$6:BI$195,$D37) -> 0 | BI37: =COUNTIF(JADWAL!BJ$6:BJ$195,$D37) -> 1 | BK37: =COUNTIF(JADWAL!BL$6:BL$195,$D37) -> 1 | BL37: =COUNTIF(JADWAL!BM$6:BM$195,$D37) -> 0 | BM37: =COUNTIF(JADWAL!BN$6:BN$195,$D37) -> 0 | BN37: =COUNTIF(JADWAL!BO$6:BO$195,$D37) -> 0 | BO37: =COUNTIF(JADWAL!BP$6:BP$195,$D37) -> 0 | BP37: =COUNTIF(JADWAL!BQ$6:BQ$195,$D37) -> 0 | BQ37: =COUNTIF(JADWAL!BR$6:BR$195,$D37) -> 0 | BS37: =COUNTIF(JADWAL!BT$6:BT$195,$D37) -> 0 | BT37: =SUM(BE37:BS37) -> 4 | BV37: =COUNTIF(JADWAL!BW$6:BW$195,$D37) -> 0 | BW37: =COUNTIF(JADWAL!BX$6:BX$195,$D37) -> 0 | BX37: =COUNTIF(JADWAL!BY$6:BY$195,$D37) -> 0 | BY37: =COUNTIF(JADWAL!BZ$6:BZ$195,$D37) -> 0 | BZ37: =COUNTIF(JADWAL!CA$6:CA$195,$D37) -> 0 | CA37: =COUNTIF(JADWAL!CB$6:CB$195,$D37) -> 0 | CB37: =COUNTIF(JADWAL!CC$6:CC$195,$D37) -> 0 | CD37: =COUNTIF(JADWAL!CE$6:CE$195,$D37) -> 0 | CE37: =COUNTIF(JADWAL!CF$6:CF$195,$D37) -> 0 | CF37: =COUNTIF(JADWAL!CG$6:CG$195,$D37) -> 0 | CG37: =COUNTIF(JADWAL!CH$6:CH$195,$D37) -> 0 | CH37: =COUNTIF(JADWAL!CI$6:CI$195,$D37) -> 0 | CI37: =COUNTIF(JADWAL!CJ$6:CJ$195,$D37) -> 0 | CK37: =SUM(BV37:CJ37) -> 0 | CL37: =T37+AK37+BB37+BT37+CK37 -> 27
A38: ='MASTER GURU HARIAN'!A40 -> 36 | B38: ='MASTER GURU HARIAN'!B40 -> HAZAR NURBANI, M.Pd. | C38: ='MASTER GURU HARIAN'!C40 -> G36 | D38: ='MASTER GURU HARIAN'!D40 -> HAZAR | F38: =COUNTIF(JADWAL!F$6:F$195,$D38) -> 1 | G38: =COUNTIF(JADWAL!G$6:G$195,$D38) -> 0 | H38: =COUNTIF(JADWAL!H$6:H$195,$D38) -> 0 | I38: =COUNTIF(JADWAL!I$6:I$195,$D38) -> 0 | J38: =COUNTIF(JADWAL!J$6:J$195,$D38) -> 0 | K38: =COUNTIF(JADWAL!K$6:K$195,$D38) -> 0 | L38: =COUNTIF(JADWAL!L$6:L$195,$D38) -> 0 | M38: =COUNTIF(JADWAL!M$6:M$195,$D38) -> 0 | ... S38: =COUNTIF(JADWAL!S$6:S$195,$D38) -> 0 | T38: =SUM(D38:S38) -> 1 | V38: =COUNTIF(JADWAL!V$6:V$195,$D38) -> 1 | W38: =COUNTIF(JADWAL!W$6:W$195,$D38) -> 0 | X38: =COUNTIF(JADWAL!X$6:X$195,$D38) -> 1 | Y38: =COUNTIF(JADWAL!Y$6:Y$195,$D38) -> 0 | Z38: =COUNTIF(JADWAL!Z$6:Z$195,$D38) -> 1 | AB38: =COUNTIF(JADWAL!AB$6:AB$195,$D38) -> 0 | AC38: =COUNTIF(JADWAL!AC$6:AC$195,$D38) -> 1 | AD38: =COUNTIF(JADWAL!AD$6:AD$195,$D38) -> 0 | AE38: =COUNTIF(JADWAL!AE$6:AE$195,$D38) -> 0 | AF38: =COUNTIF(JADWAL!AF$6:AF$195,$D38) -> 0 | AG38: =COUNTIF(JADWAL!AG$6:AG$195,$D38) -> 0 | AH38: =COUNTIF(JADWAL!AH$6:AH$195,$D38) -> 0 | AK38: =SUM(V38:AJ38) -> 4 | AM38: =COUNTIF(JADWAL!AM$6:AM$195,$D38) -> 0 | AN38: =COUNTIF(JADWAL!AN$6:AN$195,$D38) -> 0 | AO38: =COUNTIF(JADWAL!AO$6:AO$195,$D38) -> 0 | AP38: =COUNTIF(JADWAL!AP$6:AP$195,$D38) -> 0 | AQ38: =COUNTIF(JADWAL!AQ$6:AQ$195,$D38) -> 0 | AS38: =COUNTIF(JADWAL!AS$6:AS$195,$D38) -> 0 | AT38: =COUNTIF(JADWAL!AT$6:AT$195,$D38) -> 0 | AU38: =COUNTIF(JADWAL!AU$6:AU$195,$D38) -> 0 | AV38: =COUNTIF(JADWAL!AV$6:AV$195,$D38) -> 1 | AW38: =COUNTIF(JADWAL!AW$6:AW$195,$D38) -> 1 | AX38: =COUNTIF(JADWAL!AX$6:AX$195,$D38) -> 0 | AY38: =COUNTIF(JADWAL!AY$6:AY$195,$D38) -> 0 | AZ38: =COUNTIF(JADWAL!AZ$6:AZ$195,$D38) -> 0 | BA38: =COUNTIF(JADWAL!BA$6:BA$195,$D38) -> 0 | BB38: =SUM(AL38:BA38) -> 2 | BE38: =COUNTIF(JADWAL!BF$6:BF$195,$D38) -> 0 | BF38: =COUNTIF(JADWAL!BG$6:BG$195,$D38) -> 0 | BG38: =COUNTIF(JADWAL!BH$6:BH$195,$D38) -> 0 | BH38: =COUNTIF(JADWAL!BI$6:BI$195,$D38) -> 0 | BI38: =COUNTIF(JADWAL!BJ$6:BJ$195,$D38) -> 0 | BK38: =COUNTIF(JADWAL!BL$6:BL$195,$D38) -> 1 | BL38: =COUNTIF(JADWAL!BM$6:BM$195,$D38) -> 1 | BM38: =COUNTIF(JADWAL!BN$6:BN$195,$D38) -> 0 | BN38: =COUNTIF(JADWAL!BO$6:BO$195,$D38) -> 0 | BO38: =COUNTIF(JADWAL!BP$6:BP$195,$D38) -> 1 | BP38: =COUNTIF(JADWAL!BQ$6:BQ$195,$D38) -> 1 | BQ38: =COUNTIF(JADWAL!BR$6:BR$195,$D38) -> 0 | BS38: =COUNTIF(JADWAL!BT$6:BT$195,$D38) -> 0 | BT38: =SUM(BE38:BS38) -> 4 | BV38: =COUNTIF(JADWAL!BW$6:BW$195,$D38) -> 0 | BW38: =COUNTIF(JADWAL!BX$6:BX$195,$D38) -> 0 | BX38: =COUNTIF(JADWAL!BY$6:BY$195,$D38) -> 0 | BY38: =COUNTIF(JADWAL!BZ$6:BZ$195,$D38) -> 0 | BZ38: =COUNTIF(JADWAL!CA$6:CA$195,$D38) -> 0 | CA38: =COUNTIF(JADWAL!CB$6:CB$195,$D38) -> 0 | CB38: =COUNTIF(JADWAL!CC$6:CC$195,$D38) -> 0 | CD38: =COUNTIF(JADWAL!CE$6:CE$195,$D38) -> 0 | CE38: =COUNTIF(JADWAL!CF$6:CF$195,$D38) -> 0 | CF38: =COUNTIF(JADWAL!CG$6:CG$195,$D38) -> 0 | CG38: =COUNTIF(JADWAL!CH$6:CH$195,$D38) -> 0 | CH38: =COUNTIF(JADWAL!CI$6:CI$195,$D38) -> 0 | CI38: =COUNTIF(JADWAL!CJ$6:CJ$195,$D38) -> 0 | CK38: =SUM(BV38:CJ38) -> 0 | CL38: =T38+AK38+BB38+BT38+CK38 -> 11
A39: ='MASTER GURU HARIAN'!A41 -> 37 | B39: ='MASTER GURU HARIAN'!B41 -> TINI ROSMAYANI, S.Si. | C39: ='MASTER GURU HARIAN'!C41 -> G37 | D39: ='MASTER GURU HARIAN'!D41 -> TINI | F39: =COUNTIF(JADWAL!F$6:F$195,$D39) -> 0 | G39: =COUNTIF(JADWAL!G$6:G$195,$D39) -> 0 | H39: =COUNTIF(JADWAL!H$6:H$195,$D39) -> 0 | I39: =COUNTIF(JADWAL!I$6:I$195,$D39) -> 0 | J39: =COUNTIF(JADWAL!J$6:J$195,$D39) -> 0 | K39: =COUNTIF(JADWAL!K$6:K$195,$D39) -> 0 | L39: =COUNTIF(JADWAL!L$6:L$195,$D39) -> 1 | M39: =COUNTIF(JADWAL!M$6:M$195,$D39) -> 1 | ... S39: =COUNTIF(JADWAL!S$6:S$195,$D39) -> 0 | T39: =SUM(D39:S39) -> 2 | V39: =COUNTIF(JADWAL!V$6:V$195,$D39) -> 1 | W39: =COUNTIF(JADWAL!W$6:W$195,$D39) -> 1 | X39: =COUNTIF(JADWAL!X$6:X$195,$D39) -> 0 | Y39: =COUNTIF(JADWAL!Y$6:Y$195,$D39) -> 1 | Z39: =COUNTIF(JADWAL!Z$6:Z$195,$D39) -> 1 | AB39: =COUNTIF(JADWAL!AB$6:AB$195,$D39) -> 1 | AC39: =COUNTIF(JADWAL!AC$6:AC$195,$D39) -> 1 | AD39: =COUNTIF(JADWAL!AD$6:AD$195,$D39) -> 0 | AE39: =COUNTIF(JADWAL!AE$6:AE$195,$D39) -> 1 | AF39: =COUNTIF(JADWAL!AF$6:AF$195,$D39) -> 1 | AG39: =COUNTIF(JADWAL!AG$6:AG$195,$D39) -> 1 | AH39: =COUNTIF(JADWAL!AH$6:AH$195,$D39) -> 0 | AK39: =SUM(V39:AJ39) -> 9 | AM39: =COUNTIF(JADWAL!AM$6:AM$195,$D39) -> 0 | AN39: =COUNTIF(JADWAL!AN$6:AN$195,$D39) -> 0 | AO39: =COUNTIF(JADWAL!AO$6:AO$195,$D39) -> 0 | AP39: =COUNTIF(JADWAL!AP$6:AP$195,$D39) -> 0 | AQ39: =COUNTIF(JADWAL!AQ$6:AQ$195,$D39) -> 0 | AS39: =COUNTIF(JADWAL!AS$6:AS$195,$D39) -> 0 | AT39: =COUNTIF(JADWAL!AT$6:AT$195,$D39) -> 0 | AU39: =COUNTIF(JADWAL!AU$6:AU$195,$D39) -> 0 | AV39: =COUNTIF(JADWAL!AV$6:AV$195,$D39) -> 0 | AW39: =COUNTIF(JADWAL!AW$6:AW$195,$D39) -> 0 | AX39: =COUNTIF(JADWAL!AX$6:AX$195,$D39) -> 0 | AY39: =COUNTIF(JADWAL!AY$6:AY$195,$D39) -> 0 | AZ39: =COUNTIF(JADWAL!AZ$6:AZ$195,$D39) -> 0 | BA39: =COUNTIF(JADWAL!BA$6:BA$195,$D39) -> 0 | BB39: =SUM(AL39:BA39) -> 0 | BE39: =COUNTIF(JADWAL!BF$6:BF$195,$D39) -> 0 | BF39: =COUNTIF(JADWAL!BG$6:BG$195,$D39) -> 1 | BG39: =COUNTIF(JADWAL!BH$6:BH$195,$D39) -> 1 | BH39: =COUNTIF(JADWAL!BI$6:BI$195,$D39) -> 1 | BI39: =COUNTIF(JADWAL!BJ$6:BJ$195,$D39) -> 1 | BK39: =COUNTIF(JADWAL!BL$6:BL$195,$D39) -> 1 | BL39: =COUNTIF(JADWAL!BM$6:BM$195,$D39) -> 1 | BM39: =COUNTIF(JADWAL!BN$6:BN$195,$D39) -> 0 | BN39: =COUNTIF(JADWAL!BO$6:BO$195,$D39) -> 1 | BO39: =COUNTIF(JADWAL!BP$6:BP$195,$D39) -> 1 | BP39: =COUNTIF(JADWAL!BQ$6:BQ$195,$D39) -> 1 | BQ39: =COUNTIF(JADWAL!BR$6:BR$195,$D39) -> 0 | BS39: =COUNTIF(JADWAL!BT$6:BT$195,$D39) -> 0 | BT39: =SUM(BE39:BS39) -> 9 | BV39: =COUNTIF(JADWAL!BW$6:BW$195,$D39) -> 0 | BW39: =COUNTIF(JADWAL!BX$6:BX$195,$D39) -> 1 | BX39: =COUNTIF(JADWAL!BY$6:BY$195,$D39) -> 1 | BY39: =COUNTIF(JADWAL!BZ$6:BZ$195,$D39) -> 1 | BZ39: =COUNTIF(JADWAL!CA$6:CA$195,$D39) -> 1 | CA39: =COUNTIF(JADWAL!CB$6:CB$195,$D39) -> 1 | CB39: =COUNTIF(JADWAL!CC$6:CC$195,$D39) -> 1 | CD39: =COUNTIF(JADWAL!CE$6:CE$195,$D39) -> 1 | CE39: =COUNTIF(JADWAL!CF$6:CF$195,$D39) -> 0 | CF39: =COUNTIF(JADWAL!CG$6:CG$195,$D39) -> 0 | CG39: =COUNTIF(JADWAL!CH$6:CH$195,$D39) -> 0 | CH39: =COUNTIF(JADWAL!CI$6:CI$195,$D39) -> 0 | CI39: =COUNTIF(JADWAL!CJ$6:CJ$195,$D39) -> 0 | CK39: =SUM(BV39:CJ39) -> 7 | CL39: =T39+AK39+BB39+BT39+CK39 -> 27
... A78: ='MASTER GURU HARIAN'!A80 -> 76 | B78: ='MASTER GURU HARIAN'!B80 -> ODANG SUPRIATNA, S.E | C78: ='MASTER GURU HARIAN'!C80 -> G76 | D78: ='MASTER GURU HARIAN'!D80 -> ODANG | F78: =COUNTIF(JADWAL!F$6:F$195,$D78) -> 1 | G78: =COUNTIF(JADWAL!G$6:G$195,$D78) -> 1 | H78: =COUNTIF(JADWAL!H$6:H$195,$D78) -> 0 | I78: =COUNTIF(JADWAL!I$6:I$195,$D78) -> 1 | J78: =COUNTIF(JADWAL!J$6:J$195,$D78) -> 0 | K78: =COUNTIF(JADWAL!K$6:K$195,$D78) -> 1 | L78: =COUNTIF(JADWAL!L$6:L$195,$D78) -> 0 | M78: =COUNTIF(JADWAL!M$6:M$195,$D78) -> 0 | ... S78: =COUNTIF(JADWAL!S$6:S$195,$D78) -> 0 | T78: =SUM(D78:S78) -> 4 | V78: =COUNTIF(JADWAL!V$6:V$195,$D78) -> 0 | W78: =COUNTIF(JADWAL!W$6:W$195,$D78) -> 0 | X78: =COUNTIF(JADWAL!X$6:X$195,$D78) -> 0 | Y78: =COUNTIF(JADWAL!Y$6:Y$195,$D78) -> 0 | Z78: =COUNTIF(JADWAL!Z$6:Z$195,$D78) -> 0 | AB78: =COUNTIF(JADWAL!AB$6:AB$195,$D78) -> 0 | AC78: =COUNTIF(JADWAL!AC$6:AC$195,$D78) -> 0 | AD78: =COUNTIF(JADWAL!AD$6:AD$195,$D78) -> 0 | AE78: =COUNTIF(JADWAL!AE$6:AE$195,$D78) -> 1 | AF78: =COUNTIF(JADWAL!AF$6:AF$195,$D78) -> 1 | AG78: =COUNTIF(JADWAL!AG$6:AG$195,$D78) -> 0 | AH78: =COUNTIF(JADWAL!AH$6:AH$195,$D78) -> 0 | AK78: =SUM(V78:AJ78) -> 2 | AM78: =COUNTIF(JADWAL!AM$6:AM$195,$D78) -> 0 | AN78: =COUNTIF(JADWAL!AN$6:AN$195,$D78) -> 0 | AO78: =COUNTIF(JADWAL!AO$6:AO$195,$D78) -> 0 | AP78: =COUNTIF(JADWAL!AP$6:AP$195,$D78) -> 0 | AQ78: =COUNTIF(JADWAL!AQ$6:AQ$195,$D78) -> 0 | AS78: =COUNTIF(JADWAL!AS$6:AS$195,$D78) -> 0 | AT78: =COUNTIF(JADWAL!AT$6:AT$195,$D78) -> 0 | AU78: =COUNTIF(JADWAL!AU$6:AU$195,$D78) -> 0 | AV78: =COUNTIF(JADWAL!AV$6:AV$195,$D78) -> 1 | AW78: =COUNTIF(JADWAL!AW$6:AW$195,$D78) -> 1 | AX78: =COUNTIF(JADWAL!AX$6:AX$195,$D78) -> 0 | AY78: =COUNTIF(JADWAL!AY$6:AY$195,$D78) -> 0 | AZ78: =COUNTIF(JADWAL!AZ$6:AZ$195,$D78) -> 0 | BA78: =COUNTIF(JADWAL!BA$6:BA$195,$D78) -> 0 | BB78: =SUM(AL78:BA78) -> 2 | BE78: =COUNTIF(JADWAL!BF$6:BF$195,$D78) -> 0 | BF78: =COUNTIF(JADWAL!BG$6:BG$195,$D78) -> 0 | BG78: =COUNTIF(JADWAL!BH$6:BH$195,$D78) -> 0 | BH78: =COUNTIF(JADWAL!BI$6:BI$195,$D78) -> 0 | BI78: =COUNTIF(JADWAL!BJ$6:BJ$195,$D78) -> 0 | BK78: =COUNTIF(JADWAL!BL$6:BL$195,$D78) -> 0 | BL78: =COUNTIF(JADWAL!BM$6:BM$195,$D78) -> 0 | BM78: =COUNTIF(JADWAL!BN$6:BN$195,$D78) -> 0 | BN78: =COUNTIF(JADWAL!BO$6:BO$195,$D78) -> 0 | BO78: =COUNTIF(JADWAL!BP$6:BP$195,$D78) -> 0 | BP78: =COUNTIF(JADWAL!BQ$6:BQ$195,$D78) -> 0 | BQ78: =COUNTIF(JADWAL!BR$6:BR$195,$D78) -> 0 | BS78: =COUNTIF(JADWAL!BT$6:BT$195,$D78) -> 0 | BT78: =SUM(BE78:BS78) -> 0 | BV78: =COUNTIF(JADWAL!BW$6:BW$195,$D78) -> 0 | BW78: =COUNTIF(JADWAL!BX$6:BX$195,$D78) -> 1 | BX78: =COUNTIF(JADWAL!BY$6:BY$195,$D78) -> 1 | BY78: =COUNTIF(JADWAL!BZ$6:BZ$195,$D78) -> 0 | BZ78: =COUNTIF(JADWAL!CA$6:CA$195,$D78) -> 0 | CA78: =COUNTIF(JADWAL!CB$6:CB$195,$D78) -> 1 | CB78: =COUNTIF(JADWAL!CC$6:CC$195,$D78) -> 1 | CD78: =COUNTIF(JADWAL!CE$6:CE$195,$D78) -> 0 | CE78: =COUNTIF(JADWAL!CF$6:CF$195,$D78) -> 0 | CF78: =COUNTIF(JADWAL!CG$6:CG$195,$D78) -> 0 | CG78: =COUNTIF(JADWAL!CH$6:CH$195,$D78) -> 0 | CH78: =COUNTIF(JADWAL!CI$6:CI$195,$D78) -> 0 | CI78: =COUNTIF(JADWAL!CJ$6:CJ$195,$D78) -> 0 | CK78: =SUM(BV78:CJ78) -> 4 | CL78: =T78+AK78+BB78+BT78+CK78 -> 12
A79: ='MASTER GURU HARIAN'!A81 -> 77 | B79: ='MASTER GURU HARIAN'!B81 -> GINA URFAH MASTUR SADILI,.S.Pd | C79: ='MASTER GURU HARIAN'!C81 -> G77 | D79: ='MASTER GURU HARIAN'!D81 -> GINA | G79: =COUNTIF(JADWAL!G$6:G$195,$D79) -> 0 | H79: =COUNTIF(JADWAL!H$6:H$195,$D79) -> 0 | I79: =COUNTIF(JADWAL!I$6:I$195,$D79) -> 0 | J79: =COUNTIF(JADWAL!J$6:J$195,$D79) -> 0 | K79: =COUNTIF(JADWAL!K$6:K$195,$D79) -> 0 | L79: =COUNTIF(JADWAL!L$6:L$195,$D79) -> 0 | M79: =COUNTIF(JADWAL!M$6:M$195,$D79) -> 0 | N79: =COUNTIF(JADWAL!N$6:N$195,$D79) -> 0 | O79: =COUNTIF(JADWAL!N$6:N$195,$D79) -> 0 | P79: =COUNTIF(JADWAL!O$6:O$195,$D79) -> 0 | Q79: =COUNTIF(JADWAL!P$6:P$195,$D79) -> 0 | S79: =COUNTIF(JADWAL!R$6:R$195,$D79) -> 0 | T79: =SUM(D79:S79) -> 0 | V79: =COUNTIF(JADWAL!V$6:V$195,$D79) -> 0 | W79: =COUNTIF(JADWAL!W$6:W$195,$D79) -> 0 | X79: =COUNTIF(JADWAL!X$6:X$195,$D79) -> 0 | Y79: =COUNTIF(JADWAL!Y$6:Y$195,$D79) -> 0 | Z79: =COUNTIF(JADWAL!Z$6:Z$195,$D79) -> 0 | AB79: =COUNTIF(JADWAL!AB$6:AB$195,$D79) -> 0 | AC79: =COUNTIF(JADWAL!AC$6:AC$195,$D79) -> 0 | AD79: =COUNTIF(JADWAL!AD$6:AD$195,$D79) -> 0 | AE79: =COUNTIF(JADWAL!AE$6:AE$195,$D79) -> 0 | AF79: =COUNTIF(JADWAL!AF$6:AF$195,$D79) -> 0 | AG79: =COUNTIF(JADWAL!AG$6:AG$195,$D79) -> 0 | AH79: =COUNTIF(JADWAL!AH$6:AH$195,$D79) -> 0 | AK79: =SUM(V79:AJ79) -> 0 | AM79: =COUNTIF(JADWAL!AM$6:AM$195,$D79) -> 0 | AN79: =COUNTIF(JADWAL!AN$6:AN$195,$D79) -> 0 | AO79: =COUNTIF(JADWAL!AO$6:AO$195,$D79) -> 0 | AP79: =COUNTIF(JADWAL!AP$6:AP$195,$D79) -> 0 | AQ79: =COUNTIF(JADWAL!AQ$6:AQ$195,$D79) -> 0 | AS79: =COUNTIF(JADWAL!AS$6:AS$195,$D79) -> 0 | AT79: =COUNTIF(JADWAL!AT$6:AT$195,$D79) -> 0 | AU79: =COUNTIF(JADWAL!AU$6:AU$195,$D79) -> 0 | AV79: =COUNTIF(JADWAL!AV$6:AV$195,$D79) -> 0 | AW79: =COUNTIF(JADWAL!AW$6:AW$195,$D79) -> 0 | AX79: =COUNTIF(JADWAL!AX$6:AX$195,$D79) -> 0 | AY79: =COUNTIF(JADWAL!AY$6:AY$195,$D79) -> 0 | AZ79: =COUNTIF(JADWAL!AZ$6:AZ$195,$D79) -> 0 | BA79: =COUNTIF(JADWAL!BA$6:BA$195,$D79) -> 0 | BB79: =SUM(AL79:BA79) -> 0 | BE79: =COUNTIF(JADWAL!BF$6:BF$195,$D79) -> 0 | BF79: =COUNTIF(JADWAL!BG$6:BG$195,$D79) -> 0 | BG79: =COUNTIF(JADWAL!BH$6:BH$195,$D79) -> 0 | BH79: =COUNTIF(JADWAL!BI$6:BI$195,$D79) -> 0 | BI79: =COUNTIF(JADWAL!BJ$6:BJ$195,$D79) -> 0 | BK79: =COUNTIF(JADWAL!BL$6:BL$195,$D79) -> 0 | BL79: =COUNTIF(JADWAL!BM$6:BM$195,$D79) -> 0 | BM79: =COUNTIF(JADWAL!BN$6:BN$195,$D79) -> 0 | BN79: =COUNTIF(JADWAL!BO$6:BO$195,$D79) -> 0 | BO79: =COUNTIF(JADWAL!BP$6:BP$195,$D79) -> 0 | BP79: =COUNTIF(JADWAL!BQ$6:BQ$195,$D79) -> 0 | BQ79: =COUNTIF(JADWAL!BR$6:BR$195,$D79) -> 0 | BS79: =COUNTIF(JADWAL!BT$6:BT$195,$D79) -> 0 | BT79: =SUM(BE79:BS79) -> 0 | BV79: =COUNTIF(JADWAL!BW$6:BW$195,$D79) -> 0 | BW79: =COUNTIF(JADWAL!BX$6:BX$195,$D79) -> 0 | BX79: =COUNTIF(JADWAL!BY$6:BY$195,$D79) -> 0 | BY79: =COUNTIF(JADWAL!BZ$6:BZ$195,$D79) -> 1 | BZ79: =COUNTIF(JADWAL!CA$6:CA$195,$D79) -> 1 | CA79: =COUNTIF(JADWAL!CB$6:CB$195,$D79) -> 1 | CB79: =COUNTIF(JADWAL!CC$6:CC$195,$D79) -> 1 | CD79: =COUNTIF(JADWAL!CE$6:CE$195,$D79) -> 1 | CE79: =COUNTIF(JADWAL!CF$6:CF$195,$D79) -> 1 | CF79: =COUNTIF(JADWAL!CG$6:CG$195,$D79) -> 1 | CG79: =COUNTIF(JADWAL!CH$6:CH$195,$D79) -> 1 | CH79: =COUNTIF(JADWAL!CI$6:CI$195,$D79) -> 0 | CI79: =COUNTIF(JADWAL!CJ$6:CJ$195,$D79) -> 0 | CK79: =SUM(BV79:CJ79) -> 8 | CL79: =T79+AK79+BB79+BT79+CK79 -> 8
A80: ='MASTER GURU HARIAN'!#REF! -> #REF! | B80: ='MASTER GURU HARIAN'!#REF! -> #REF! | C80: ='MASTER GURU HARIAN'!#REF! -> #REF! | D80: ='MASTER GURU HARIAN'!#REF! -> #REF! | G80: =COUNTIF(JADWAL!G$6:G$195,$D80) -> 0 | H80: =COUNTIF(JADWAL!H$6:H$195,$D80) -> 0 | I80: =COUNTIF(JADWAL!I$6:I$195,$D80) -> 0 | J80: =COUNTIF(JADWAL!J$6:J$195,$D80) -> 0 | K80: =COUNTIF(JADWAL!K$6:K$195,$D80) -> 0 | L80: =COUNTIF(JADWAL!L$6:L$195,$D80) -> 0 | M80: =COUNTIF(JADWAL!M$6:M$195,$D80) -> 0 | N80: =COUNTIF(JADWAL!N$6:N$195,$D80) -> 0 | O80: =COUNTIF(JADWAL!N$6:N$195,$D80) -> 0 | P80: =COUNTIF(JADWAL!O$6:O$195,$D80) -> 0 | Q80: =COUNTIF(JADWAL!P$6:P$195,$D80) -> 0 | S80: =COUNTIF(JADWAL!R$6:R$195,$D80) -> 0 | T80: =SUM(D80:S80) -> #REF! | V80: =COUNTIF(JADWAL!V$6:V$195,$D80) -> 0 | W80: =COUNTIF(JADWAL!W$6:W$195,$D80) -> 0 | X80: =COUNTIF(JADWAL!X$6:X$195,$D80) -> 0 | Y80: =COUNTIF(JADWAL!Y$6:Y$195,$D80) -> 0 | Z80: =COUNTIF(JADWAL!Z$6:Z$195,$D80) -> 0 | AB80: =COUNTIF(JADWAL!AB$6:AB$195,$D80) -> 0 | AC80: =COUNTIF(JADWAL!AC$6:AC$195,$D80) -> 0 | AD80: =COUNTIF(JADWAL!AD$6:AD$195,$D80) -> 0 | AE80: =COUNTIF(JADWAL!AE$6:AE$195,$D80) -> 0 | AF80: =COUNTIF(JADWAL!AF$6:AF$195,$D80) -> 0 | AG80: =COUNTIF(JADWAL!AG$6:AG$195,$D80) -> 0 | AH80: =COUNTIF(JADWAL!AH$6:AH$195,$D80) -> 0 | AK80: =SUM(V80:AJ80) -> 0 | AM80: =COUNTIF(JADWAL!AM$6:AM$195,$D80) -> 0 | AN80: =COUNTIF(JADWAL!AN$6:AN$195,$D80) -> 0 | AO80: =COUNTIF(JADWAL!AO$6:AO$195,$D80) -> 0 | AP80: =COUNTIF(JADWAL!AP$6:AP$195,$D80) -> 0 | AQ80: =COUNTIF(JADWAL!AQ$6:AQ$195,$D80) -> 0 | AS80: =COUNTIF(JADWAL!AS$6:AS$195,$D80) -> 0 | AT80: =COUNTIF(JADWAL!AT$6:AT$195,$D80) -> 0 | AU80: =COUNTIF(JADWAL!AU$6:AU$195,$D80) -> 0 | AV80: =COUNTIF(JADWAL!AV$6:AV$195,$D80) -> 0 | AW80: =COUNTIF(JADWAL!AW$6:AW$195,$D80) -> 0 | AX80: =COUNTIF(JADWAL!AX$6:AX$195,$D80) -> 0 | AY80: =COUNTIF(JADWAL!AY$6:AY$195,$D80) -> 0 | AZ80: =COUNTIF(JADWAL!AZ$6:AZ$195,$D80) -> 0 | BA80: =COUNTIF(JADWAL!BA$6:BA$195,$D80) -> 0 | BB80: =SUM(AL80:BA80) -> 0 | BE80: =COUNTIF(JADWAL!BF$6:BF$195,$D80) -> 0 | BF80: =COUNTIF(JADWAL!BG$6:BG$195,$D80) -> 0 | BG80: =COUNTIF(JADWAL!BH$6:BH$195,$D80) -> 0 | BH80: =COUNTIF(JADWAL!BI$6:BI$195,$D80) -> 0 | BI80: =COUNTIF(JADWAL!BJ$6:BJ$195,$D80) -> 0 | BK80: =COUNTIF(JADWAL!BL$6:BL$195,$D80) -> 0 | BL80: =COUNTIF(JADWAL!BM$6:BM$195,$D80) -> 0 | BM80: =COUNTIF(JADWAL!BN$6:BN$195,$D80) -> 0 | BN80: =COUNTIF(JADWAL!BO$6:BO$195,$D80) -> 0 | BO80: =COUNTIF(JADWAL!BP$6:BP$195,$D80) -> 0 | BP80: =COUNTIF(JADWAL!BQ$6:BQ$195,$D80) -> 0 | BQ80: =COUNTIF(JADWAL!BR$6:BR$195,$D80) -> 0 | BS80: =COUNTIF(JADWAL!BT$6:BT$195,$D80) -> 0 | BT80: =SUM(BE80:BS80) -> 0 | BV80: =COUNTIF(JADWAL!BW$6:BW$195,$D80) -> 0 | BW80: =COUNTIF(JADWAL!BX$6:BX$195,$D80) -> 0 | BX80: =COUNTIF(JADWAL!BY$6:BY$195,$D80) -> 0 | BY80: =COUNTIF(JADWAL!BZ$6:BZ$195,$D80) -> 0 | BZ80: =COUNTIF(JADWAL!CA$6:CA$195,$D80) -> 0 | CA80: =COUNTIF(JADWAL!CB$6:CB$195,$D80) -> 0 | CB80: =COUNTIF(JADWAL!CC$6:CC$195,$D80) -> 0 | CD80: =COUNTIF(JADWAL!CE$6:CE$195,$D80) -> 0 | CE80: =COUNTIF(JADWAL!CF$6:CF$195,$D80) -> 0 | CF80: =COUNTIF(JADWAL!CG$6:CG$195,$D80) -> 0 | CG80: =COUNTIF(JADWAL!CH$6:CH$195,$D80) -> 0 | CH80: =COUNTIF(JADWAL!CI$6:CI$195,$D80) -> 0 | CI80: =COUNTIF(JADWAL!CJ$6:CJ$195,$D80) -> 0 | CK80: =SUM(BV80:CJ80) -> 0 | CL80: =T80+AK80+BB80+BT80+CK80 -> #REF!
A81: ='MASTER GURU HARIAN'!#REF! -> #REF! | B81: ='MASTER GURU HARIAN'!#REF! -> #REF! | C81: ='MASTER GURU HARIAN'!#REF! -> #REF! | D81: ='MASTER GURU HARIAN'!#REF! -> #REF! | G81: =COUNTIF(JADWAL!G$6:G$195,$D81) -> 0 | H81: =COUNTIF(JADWAL!H$6:H$195,$D81) -> 0 | I81: =COUNTIF(JADWAL!I$6:I$195,$D81) -> 0 | J81: =COUNTIF(JADWAL!J$6:J$195,$D81) -> 0 | K81: =COUNTIF(JADWAL!K$6:K$195,$D81) -> 0 | L81: =COUNTIF(JADWAL!L$6:L$195,$D81) -> 0 | M81: =COUNTIF(JADWAL!M$6:M$195,$D81) -> 0 | N81: =COUNTIF(JADWAL!N$6:N$195,$D81) -> 0 | O81: =COUNTIF(JADWAL!N$6:N$195,$D81) -> 0 | P81: =COUNTIF(JADWAL!O$6:O$195,$D81) -> 0 | Q81: =COUNTIF(JADWAL!P$6:P$195,$D81) -> 0 | S81: =COUNTIF(JADWAL!R$6:R$195,$D81) -> 0 | T81: =SUM(D81:S81) -> #REF! | V81: =COUNTIF(JADWAL!V$6:V$195,$D81) -> 0 | W81: =COUNTIF(JADWAL!W$6:W$195,$D81) -> 0 | X81: =COUNTIF(JADWAL!X$6:X$195,$D81) -> 0 | Y81: =COUNTIF(JADWAL!Y$6:Y$195,$D81) -> 0 | Z81: =COUNTIF(JADWAL!Z$6:Z$195,$D81) -> 0 | AB81: =COUNTIF(JADWAL!AB$6:AB$195,$D81) -> 0 | AC81: =COUNTIF(JADWAL!AC$6:AC$195,$D81) -> 0 | AD81: =COUNTIF(JADWAL!AD$6:AD$195,$D81) -> 0 | AE81: =COUNTIF(JADWAL!AE$6:AE$195,$D81) -> 0 | AF81: =COUNTIF(JADWAL!AF$6:AF$195,$D81) -> 0 | AG81: =COUNTIF(JADWAL!AG$6:AG$195,$D81) -> 0 | AH81: =COUNTIF(JADWAL!AH$6:AH$195,$D81) -> 0 | AK81: =SUM(V81:AJ81) -> 0 | AM81: =COUNTIF(JADWAL!AM$6:AM$195,$D81) -> 0 | AN81: =COUNTIF(JADWAL!AN$6:AN$195,$D81) -> 0 | AO81: =COUNTIF(JADWAL!AO$6:AO$195,$D81) -> 0 | AP81: =COUNTIF(JADWAL!AP$6:AP$195,$D81) -> 0 | AQ81: =COUNTIF(JADWAL!AQ$6:AQ$195,$D81) -> 0 | AS81: =COUNTIF(JADWAL!AS$6:AS$195,$D81) -> 0 | AT81: =COUNTIF(JADWAL!AT$6:AT$195,$D81) -> 0 | AU81: =COUNTIF(JADWAL!AU$6:AU$195,$D81) -> 0 | AV81: =COUNTIF(JADWAL!AV$6:AV$195,$D81) -> 0 | AW81: =COUNTIF(JADWAL!AW$6:AW$195,$D81) -> 0 | AX81: =COUNTIF(JADWAL!AX$6:AX$195,$D81) -> 0 | AY81: =COUNTIF(JADWAL!AY$6:AY$195,$D81) -> 0 | AZ81: =COUNTIF(JADWAL!AZ$6:AZ$195,$D81) -> 0 | BA81: =COUNTIF(JADWAL!BA$6:BA$195,$D81) -> 0 | BB81: =SUM(AL81:BA81) -> 0 | BE81: =COUNTIF(JADWAL!BF$6:BF$195,$D81) -> 0 | BF81: =COUNTIF(JADWAL!BG$6:BG$195,$D81) -> 0 | BG81: =COUNTIF(JADWAL!BH$6:BH$195,$D81) -> 0 | BH81: =COUNTIF(JADWAL!BI$6:BI$195,$D81) -> 0 | BI81: =COUNTIF(JADWAL!BJ$6:BJ$195,$D81) -> 0 | BK81: =COUNTIF(JADWAL!BL$6:BL$195,$D81) -> 0 | BL81: =COUNTIF(JADWAL!BM$6:BM$195,$D81) -> 0 | BM81: =COUNTIF(JADWAL!BN$6:BN$195,$D81) -> 0 | BN81: =COUNTIF(JADWAL!BO$6:BO$195,$D81) -> 0 | BO81: =COUNTIF(JADWAL!BP$6:BP$195,$D81) -> 0 | BP81: =COUNTIF(JADWAL!BQ$6:BQ$195,$D81) -> 0 | BQ81: =COUNTIF(JADWAL!BR$6:BR$195,$D81) -> 0 | BS81: =COUNTIF(JADWAL!BT$6:BT$195,$D81) -> 0 | BT81: =SUM(BE81:BS81) -> 0 | BV81: =COUNTIF(JADWAL!BW$6:BW$195,$D81) -> 0 | BW81: =COUNTIF(JADWAL!BX$6:BX$195,$D81) -> 0 | BX81: =COUNTIF(JADWAL!BY$6:BY$195,$D81) -> 0 | BY81: =COUNTIF(JADWAL!BZ$6:BZ$195,$D81) -> 0 | BZ81: =COUNTIF(JADWAL!CA$6:CA$195,$D81) -> 0 | CA81: =COUNTIF(JADWAL!CB$6:CB$195,$D81) -> 0 | CB81: =COUNTIF(JADWAL!CC$6:CC$195,$D81) -> 0 | CD81: =COUNTIF(JADWAL!CE$6:CE$195,$D81) -> 0 | CE81: =COUNTIF(JADWAL!CF$6:CF$195,$D81) -> 0 | CF81: =COUNTIF(JADWAL!CG$6:CG$195,$D81) -> 0 | CG81: =COUNTIF(JADWAL!CH$6:CH$195,$D81) -> 0 | CH81: =COUNTIF(JADWAL!CI$6:CI$195,$D81) -> 0 | CI81: =COUNTIF(JADWAL!CJ$6:CJ$195,$D81) -> 0 | CK81: =SUM(BV81:CJ81) -> 0 | CL81: =T81+AK81+BB81+BT81+CK81 -> #REF!
A83: J U M L A H j a m B E N T R O K | F83: =COUNTIF(D35:D77,">1") -> 0 | G83: =COUNTIF(G3:G81,">1") -> 0 | H83: =COUNTIF(H3:H81,">1") -> 0 | I83: =COUNTIF(I3:I81,">1") -> 0 | J83: =COUNTIF(J3:J81,">1") -> 0 | K83: =COUNTIF(K3:K81,">1") -> 0 | L83: =COUNTIF(L3:L81,">1") -> 0 | M83: =COUNTIF(M3:M81,">1") -> 0 | N83: =COUNTIF(N3:N81,">1") -> 0 | ... T83: =COUNTIF(T3:T81,">1") -> 67 | V83: =COUNTIF(V3:V81,">1") -> 0 | W83: =COUNTIF(W3:W81,">1") -> 0 | X83: =COUNTIF(X3:X81,">1") -> 0 | Y83: =COUNTIF(Y3:Y81,">1") -> 0 | Z83: =COUNTIF(Z3:Z81,">1") -> 0 | AA83: =COUNTIF(AA3:AA81,">1") -> 0 | AB83: =COUNTIF(AB3:AB81,">1") -> 0 | AC83: =COUNTIF(AC3:AC81,">1") -> 0 | ... AL83: =COUNTIF(AL3:AL81,">1") -> 0 | AO83: =COUNTIF(AO3:AO81,">1") -> 0 | AP83: =COUNTIF(AP3:AP81,">1") -> 0 | AQ83: =COUNTIF(AQ3:AQ81,">1") -> 0 | AS83: =COUNTIF(AS3:AS81,">1") -> 0 | AT83: =COUNTIF(AT3:AT81,">1") -> 0 | AV83: =COUNTIF(AV3:AV81,">1") -> 0 | AW83: =COUNTIF(AW3:AW81,">1") -> 0 | AX83: =COUNTIF(AX3:AX81,">1") -> 0 | AY83: =COUNTIF(AY3:AY81,">1") -> 0 | BA83: =COUNTIF(BA3:BA81,">1") -> 0 | BB83: =COUNTIF(BB3:BB81,">1") -> 64 | BF83: =COUNTIF(BF3:BF81,">1") -> 0 | BG83: =COUNTIF(BG3:BG81,">1") -> 0 | BH83: =COUNTIF(BH3:BH81,">1") -> 1 | BI83: =COUNTIF(BI3:BI81,">1") -> 0 | BJ83: =COUNTIF(BJ3:BJ81,">1") -> 0 | BK83: =COUNTIF(BK3:BK81,">1") -> 0 | BL83: =COUNTIF(BL3:BL81,">1") -> 0 | BM83: =COUNTIF(BM3:BM81,">1") -> 0 | ... BT83: =COUNTIF(BT3:BT81,">1") -> 62 | BV83: =COUNTIF(BV3:BV81,">1") -> 0 | BW83: =COUNTIF(BW3:BW81,">1") -> 0 | BX83: =COUNTIF(BX3:BX81,">1") -> 0 | BY83: =COUNTIF(BY3:BY81,">1") -> 0 | BZ83: =COUNTIF(BZ3:BZ81,">1") -> 0 | CA83: =COUNTIF(CA3:CA81,">1") -> 0 | CB83: =COUNTIF(CB3:CB81,">1") -> 0 | CC83: =COUNTIF(CC3:CC81,">1") -> 0 | ... CK83: =COUNTIF(CK3:CK81,">1") -> 52
A84: J U M L A H R U A N G A N K O S O N G | F84: =COUNTIF(D35:D77,0) -> 0 | G84: =COUNTIF(G35:G81,0) -> 24 | H84: =COUNTIF(H35:H81,0) -> 28 | I84: =COUNTIF(I35:I81,0) -> 27 | J84: =COUNTIF(J35:J81,0) -> 47 | K84: =COUNTIF(K35:K81,0) -> 25 | L84: =COUNTIF(L35:L81,0) -> 24 | M84: =COUNTIF(M35:M81,0) -> 41 | N84: =COUNTIF(N35:N81,0) -> 29 | ... T84: =COUNTIF(T35:T81,0) -> 3 | V84: =COUNTIF(V3:V81,0) -> 42 | W84: =COUNTIF(W35:W81,0) -> 25 | X84: =COUNTIF(X35:X81,0) -> 28 | Y84: =COUNTIF(Y35:Y81,0) -> 24 | Z84: =COUNTIF(Z35:Z81,0) -> 24 | AA84: =COUNTIF(AA35:AA81,0) -> 0 | AB84: =COUNTIF(AB35:AB81,0) -> 26 | AC84: =COUNTIF(AC35:AC81,0) -> 23 | AD84: =COUNTIF(AD35:AD81,0) -> 41 | ... AJ84: =COUNTIF(AJ35:AJ81,0) -> 0 | AK84: =COUNTIF(AK3:AK81,0) -> 17 | AL84: =COUNTIF(AL35:AL81,0) -> 0 | AO84: =COUNTIF(AO35:AO81,0) -> 27 | AP84: =COUNTIF(AP35:AP81,0) -> 25 | AQ84: =COUNTIF(AQ35:AQ81,0) -> 23 | AS84: =COUNTIF(AS35:AS81,0) -> 22 | AT84: =COUNTIF(AT35:AT81,0) -> 22 | AV84: =COUNTIF(AV35:AV81,0) -> 28 | AW84: =COUNTIF(AW35:AW81,0) -> 25 | AX84: =COUNTIF(AX35:AX81,0) -> 23 | AY84: =COUNTIF(AY35:AY81,0) -> 29 | BA84: =COUNTIF(BA35:BA81,0) -> 47 | BB84: =COUNTIF(BB3:BB81,0) -> 15 | BF84: =COUNTIF(BF35:BF81,0) -> 27 | BG84: =COUNTIF(BG35:BG81,0) -> 28 | BH84: =COUNTIF(BH35:BH81,0) -> 27 | BI84: =COUNTIF(BI35:BI81,0) -> 28 | BJ84: =COUNTIF(BJ35:BJ81,0) -> 0 | BK84: =COUNTIF(BK35:BK81,0) -> 26 | BL84: =COUNTIF(BL35:BL81,0) -> 27 | BM84: =COUNTIF(BM35:BM81,0) -> 39 | ... BS84: =COUNTIF(BS35:BS81,0) -> 47 | BT84: =COUNTIF(BT3:BT81,0) -> 17 | BV84: =COUNTIF(BV35:BV81,0) -> 47 | BW84: =COUNTIF(BW35:BW81,0) -> 25 | BX84: =COUNTIF(BX35:BX81,0) -> 25 | BY84: =COUNTIF(BY35:BY81,0) -> 24 | BZ84: =COUNTIF(BZ35:BZ81,0) -> 23 | CA84: =COUNTIF(CA35:CA81,0) -> 22 | CB84: =COUNTIF(CB35:CB81,0) -> 23 | CC84: =COUNTIF(CC35:CC81,0) -> 0 | ... CJ84: =COUNTIF(CJ35:CJ81,0) -> 0 | CK84: =COUNTIF(CK3:CK81,0) -> 27
V85: =SUM(F85:S85) -> 0 | AK85: =SUM(W85:AJ85) -> 0 | BB85: =SUM(AL85:BA85) -> 0 | BT85: =SUM(BF85:BS85) -> 0 | CK85: =SUM(BV85:CJ85) -> 0

Sheet MASTER GURU HARIAN
A1: REKAP JADWAL GURU - MINGGUAN
A2: TAHUN PELAJARAN 2024-2025
A4: NO | B4: NAMA GURU | C4: KODE | E4: SENIN | F4: SELASA | G4: RABU | H4: KAMIS | I4: JUMAT
A5: 1 | B5: OMAN SOMANA, M.Pd. | C5: ="G"&A5 -> G1 | D5: OMAN | E5: ADA | G5: ADA | H5: ADA | I5: ADA
A6: 2 | B6: DADAN RUKMA DIAN DAWAN, S.Pd | C6: ="G"&A6 -> G2 | D6: DADAN | F6: ADA | G6: ADA | H6: ADA | I6: ADA
A7: 3 | B7: POPONG WARIATI, S.Pd. | C7: ="G"&A7 -> G3 | D7: POPONG | E7: ADA | F7: ADA | G7: ADA | H7: ADA
A8: 4 | B8: UJANG SUHARA, S.Pd. | C8: ="G"&A8 -> G4 | D8: UJANG | E8: ADA | F8: ADA | H8: ADA | I8: ADA
A9: 5 | B9: Dra. MIMY ARDIANY, M.Pd | C9: ="G"&A9 -> G5 | D9: MIMY | E9: ADA | F9: ADA | G9: ADA | H9: ADA
A10: 6 | B10: SARINAH Br GINTING, M.Pd. | C10: ="G"&A10 -> G6 | D10: SARI | E10: ADA | F10: ADA | H10: ADA | I10: ADA
A11: 7 | B11: TAUFIK HIDAYAT,M.M.Pd | C11: ="G"&A11 -> G7 | D11: TAUFIK | E11: ADA | F11: ADA | G11: ADA | H11: ADA
A12: 8 | B12: RITA HARTATI, S.Pd, M.T. | C12: ="G"&A12 -> G8 | D12: RITA | E12: ADA | F12: ADA | G12: ADA | H12: ADA
A13: 9 | B13: ADE HARTONO, S.Pd. | C13: ="G"&A13 -> G9 | D13: ADE | E13: ADA | H13: ADA | I13: ADA
A14: 10 | B14: TITA HERIYANTI, S.Pd. | C14: ="G"&A14 -> G10 | D14: TITA | E14: ADA | F14: ADA | G14: ADA | H14: ADA
A15: 11 | B15: Dra. WENI ASMARAENI | C15: ="G"&A15 -> G11 | D15: WENI | E15: ADA | G15: ADA | H15: ADA | I15: ADA
A16: 12 | B16: OCTAVINA SOPAMENA, M.Pd. | C16: ="G"&A16 -> G12 | D16: OCTA | F16: ADA | G16: ADA | H16: ADA
A17: 13 | B17: LIA YULIANTI, S.Pd | C17: ="G"&A17 -> G13 | D17: LIA | E17: ADA | F17: ADA | G17: ADA | H17: ADA | I17: ADA
A18: 14 | B18: SANTIKA, M.Pd | C18: ="G"&A18 -> G14 | D18: SANTIKA | E18: ADA | F18: ADA | G18: ADA | H18: ADA | I18: ADA
A19: 15 | B19: RINA DARYANI, M.Pd. | C19: ="G"&A19 -> G15 | D19: RINA | E19: ADA | F19: ADA | G19: ADA | H19: ADA
A20: 16 | B20: Dra. RAHMI DALILAH FITRIANNI | C20: ="G"&A20 -> G16 | D20: RAHMI | E20: ADA | F20: ADA | G20: ADA | I20: ADA
A21: 17 | B21: SYAFITRI K ARIEF, S.Pd, MT | C21: ="G"&A21 -> G17 | D21: SYAFITRI | E21: ADA | F21: ADA | G21: ADA | H21: ADA
A22: 18 | B22: ADIWIGUNA, S.Pd. | C22: ="G"&A22 -> G18 | D22: ADIW | G22: ADA | H22: ADA | I22: ADA
A23: 19 | B23: RANI RABIUSSANI, M.Pd. | C23: ="G"&A23 -> G19 | D23: RANI | E23: ADA | F23: ADA | G23: ADA | H23: ADA
A24: 20 | B24: SUDARMI, M.Pd. | C24: ="G"&A24 -> G20 | D24: SUDARMI | E24: ADA | F24: ADA | G24: ADA | H24: ADA
A25: 21 | B25: IAH ROBIAH, S.Pd.Kim. | C25: ="G"&A25 -> G21 | D25: IAH | E25: ADA | F25: ADA | H25: ADA | I25: ADA
A26: 22 | B26: MASPURI ANDEWI, S.Kom | C26: ="G"&A26 -> G22 | D26: PURI | E26: ADA | F26: ADA | G26: ADA | H26: ADA
A27: 23 | B27: RUHYA, S.Ag, M.M.Pd | C27: ="G"&A27 -> G23 | D27: RUHYA | E27: ADA | F27: ADA | G27: ADA | H27: ADA | I27: ADA
A28: 24 | B28: MAYA KUSMAYANTI, M.Pd | C28: ="G"&A28 -> G24 | D28: MAYA | E28: ADA | F28: ADA | G28: ADA | I28: ADA
A29: 25 | B29: DINI KAROMNA, S.Pd. | C29: ="G"&A29 -> G25 | D29: DINI | E29: ADA | F29: ADA | G29: ADA | I29: ADA
A30: 26 | B30: NOFA NIRAWATI, S.Pd, M.T | C30: ="G"&A30 -> G26 | D30: NOFA | E30: ADA | F30: ADA | H30: ADA | I30: ADA
A31: 27 | B31: HASAN AS'ARI, M.Kom | C31: ="G"&A31 -> G27 | D31: HASAN | E31: ADA | F31: ADA | I31: ADA
A32: 28 | B32: CECEP SURYANA, S.Si | C32: ="G"&A32 -> G28 | D32: CECEP | E32: ADA | F32: ADA | G32: ADA | H32: ADA
A33: 29 | B33: NINA DEWI KOSWARA, S.Pd. | C33: ="G"&A33 -> G29 | D33: NINA | E33: ADA | F33: ADA | G33: ADA | H33: ADA | I33: ADA
A34: 30 | B34: INA MARINA, S.T.,S.Pd. | C34: ="G"&A34 -> G30 | D34: INA | F34: ADA | G34: ADA | H34: ADA | I34: ADA
A35: 31 | B35: DANTY, S.Pd. | C35: ="G"&A35 -> G31 | D35: DANTY | F35: ADA | G35: ADA | H35: ADA | I35: ADA
A36: 32 | B36: SUGIYATMI, S.Si | C36: ="G"&A36 -> G32 | D36: SUGI | E36: ADA | F36: ADA | G36: ADA | H36: ADA
A37: 33 | B37: ULI SOLIHAT KAMALUDDIN, S.Si. | C37: ="G"&A37 -> G33 | D37: ULI | E37: ADA | F37: ADA | G37: ADA | I37: ADA
A38: 34 | B38: ATEP AULIA RAHMAN, S.T.,M.Kom. | C38: ="G"&A38 -> G34 | D38: ATEP | E38: ADA | F38: ADA | G38: ADA | H38: ADA | I38: ADA
A39: 35 | B39: ENDANG SUNANDAR, S.Pd. M.PKim | C39: ="G"&A39 -> G35 | D39: ENDANG | E39: ADA | F39: ADA | G39: ADA | H39: ADA
A40: 36 | B40: HAZAR NURBANI, M.Pd. | C40: ="G"&A40 -> G36 | D40: HAZAR | E40: ADA | F40: ADA | G40: ADA | H40: ADA
A41: 37 | B41: TINI ROSMAYANI, S.Si. | C41: ="G"&A41 -> G37 | D41: TINI | E41: ADA | F41: ADA | H41: ADA | I41: ADA
A42: 38 | B42: R. PRIYO HADISURYO, S.ST | C42: ="G"&A42 -> G38 | D42: PRIYO | E42: ADA | F42: ADA | G42: ADA | H42: ADA | I42: ADA
A43: 39 | B43: NOGI MUHARAM, S.Kom. | C43: ="G"&A43 -> G39 | D43: NOGI | E43: ADA | G43: ADA | H43: ADA | I43: ADA
A44: 40 | B44: EVA ZULVA, S.Kom,i | C44: ="G"&A44 -> G40 | D44: EVA | E44: ADA | F44: ADA | G44: ADA | H44: ADA
A45: 41 | B45: NENENG SUHARTINI, S.Si.,S.Pd. | C45: ="G"&A45 -> G41 | D45: NENENG | E45: ADA | G45: ADA | H45: ADA | I45: ADA
A46: 42 | B46: HALIDA FARHANI,S.Psi | C46: ="G"&A46 -> G42 | D46: HALIDA | E46: ADA | F46: ADA | G46: ADA | H46: ADA
A47: 43 | B47: NUR FAUZIYAH RAHMAWATI,S.Pd | C47: ="G"&A47 -> G43 | D47: NUR | E47: ADA | G47: ADA | H47: ADA | I47: ADA
A48: 44 | B48: MUCHAMAD HARRY ISMAIL, S.Tr.Kom,M.M. | C48: ="G"&A48 -> G44 | D48: HARRY | E48: ADA | F48: ADA | G48: ADA | H48: ADA
A49: 45 | B49: ERMAWATI, M.Kom | C49: ="G"&A49 -> G45 | D49: ERMA | E49: ADA | F49: ADA | G49: ADA | H49: ADA
A50: 46 | B50: KIKI AIMA MU'MINA, S.Pd | C50: ="G"&A50 -> G46 | D50: KIKI | E50: ADA | G50: ADA | H50: ADA | I50: ADA
A51: 47 | B51: SAMSUDIN S.Ag. | C51: ="G"&A51 -> G47 | D51: SAMSU | E51: ADA | F51: ADA | G51: ADA | I51: ADA
A52: 48 | B52: YENI MEILINA, S.Pd. | C52: ="G"&A52 -> G48 | D52: YENI | E52: ADA | F52: ADA | H52: ADA | I52: ADA
A53: 49 | B53: KANIA DEWI WALUYA,S.ST | C53: ="G"&A53 -> G49 | D53: KANIA | E53: ADA | F53: ADA | H53: ADA | I53: ADA
A54: 50 | B54: RINI DWI WAHYUNI,S.Pd | C54: ="G"&A54 -> G50 | D54: RINI | E54: ADA | F54: ADA | H54: ADA | I54: ADA
A55: 51 | B55: RUKMANA,S.Pd.I | C55: ="G"&A55 -> G51 | D55: RUKMANA | E55: ADA | F55: ADA | H55: ADA | I55: ADA
A56: 52 | B56: DESTA MULYANTI,S.Sn | C56: ="G"&A56 -> G52 | D56: DESTA | E56: ADA | F56: ADA | G56: ADA | H56: ADA
A57: 53 | B57: INDIRA SARI PAPUTUNGAN, M.Ed | C57: ="G"&A57 -> G53 | D57: INDIRA | E57: ADA | F57: ADA | G57: ADA | H57: ADA | I57: ADA
A58: 54 | B58: ANGGITA SEPTIANI, S.T.P, M.Pd | C58: ="G"&A58 -> G54 | D58: ANGGITA | E58: ADA | I58: ADA
A59: 55 | B59: NADIA AFRILIANI, S.Pd | C59: ="G"&A59 -> G55 | D59: NADIA | E59: ADA | F59: ADA | G59: ADA | I59: ADA
A60: 56 | B60: SABILA FAUZIYYA, S.Kom | C60: ="G"&A60 -> G56 | D60: SABILA | E60: ADA | G60: ADA | H60: ADA | I60: ADA
A61: 57 | B61: JAYA SUMPENA, S.ST, M.Kom | C61: ="G"&A61 -> G57 | D61: JAYA | E61: ADA | F61: ADA | G61: ADA | H61: ADA | I61: ADA
A62: 58 | B62: TUBAGUS SAPUTRA, S.Pd | C62: ="G"&A62 -> G58 | D62: TUBAGUS | E62: ADA | F62: ADA | G62: ADA | I62: ADA
A63: 59 | B63: DENA HANDRIANA, M.Pd | C63: ="G"&A63 -> G59 | D63: DENA | F63: ADA | G63: ADA | H63: ADA | I63: ADA
A64: 60 | B64: WINDY NOVIA ANGGRAENI, S.Si | C64: ="G"&A64 -> G60 | D64: WINDY | E64: ADA | F64: ADA | G64: ADA | H64: ADA
A65: 61 | B65: DEDI EPENDI, S.Kom | C65: ="G"&A65 -> G61 | D65: DEDI | E65: ADA | G65: ADA | H65: ADA | I65: ADA
A66: 62 | B66: REGINA FITRIE, S.Pd | C66: ="G"&A66 -> G62 | D66: REGINA | E66: ADA | G66: ADA | I66: ADA
A67: 63 | B67: ARIANTONIUS SAGALA, S.Kom | C67: ="G"&A67 -> G63 | D67: ARI | E67: ADA | F67: ADA | G67: ADA | H67: ADA | I67: ADA
A68: 64 | B68: PRATIWI, S.Si | C68: ="G"&A68 -> G64 | D68: PRATIWI | E68: ADA | F68: ADA | G68: ADA | H68: ADA
A69: 65 | B69: NURUL DININGSIH, S.Hum | C69: ="G"&A69 -> G65 | D69: NURUL | E69: ADA | F69: ADA | G69: ADA | H69: ADA
A70: 66 | B70: ETI ARIESANTI,S.Pd | C70: ="G"&A70 -> G66 | D70: ETI | E70: ADA | F70: ADA | G70: ADA | H70: ADA
A71: 67 | B71: NURLAELA, S.H | C71: ="G"&A71 -> G67 | D71: ELA | E71: ADA | F71: ADA | G71: ADA | I71: ADA
A72: 68 | B72: Meli Novita S.Pd. | C72: ="G"&A72 -> G68 | D72: MELI | E72: ADA | F72: ADA | G72: ADA | I72: ADA
A73: 69 | B73: ELA NURLAELA, S.Pd | C73: ="G"&A73 -> G69 | D73: ELA.N | F73: ADA | G73: ADA | H73: ADA | I73: ADA
A74: 70 | B74: TESSA EKA YUNIAR, S.Pd | C74: ="G"&A74 -> G70 | D74: TESSA | E74: ADA | F74: ADA | G74: ADA | H74: ADA
A75: 71 | B75: SHENDY ANTARIKSA,S.Hum | C75: ="G"&A75 -> G71 | D75: SHENDY | E75: ADA | F75: ADA | G75: ADA | H75: ADA | I75: ADA
A76: 72 | B76: APRILIANI HARDIYANTI HARIYONO, S.Pd | C76: ="G"&A76 -> G72 | D76: APRIL | E76: ADA | G76: ADA | H76: ADA | I76: ADA
A77: 73 | B77: SUKMAWIDI, S.Pd | C77: ="G"&A77 -> G73 | D77: SUKMA | E77: ADA | F77: ADA | G77: ADA | H77: ADA | I77: ADA
A78: 74 | B78: FERTIKA, S.Pd | C78: ="G"&A78 -> G74 | D78: FERTIKA | E78: ADA | F78: ADA | G78: ADA | H78: ADA | I78: ADA
A79: 75 | B79: ANNISA INTIKARUSDIANSARI, S.Pd> | C79: ="G"&A79 -> G75 | D79: ANNISA | E79: ADA | G79: ADA | H79: ADA
A80: 76 | B80: ODANG SUPRIATNA, S.E | C80: ="G"&A80 -> G76 | D80: ODANG | E80: ADA | F80: ADA | G80: ADA | I80: ADA
A81: 77 | B81: GINA URFAH MASTUR SADILI,.S.Pd | C81: ="G"&A81 -> G77 | D81: GINA | E81: =IF('JAM GURU'!V79>0,"ADA","") | F81: =IF('JAM GURU'!AK79>0,"ADA","") | G81: =IF('JAM GURU'!BB79>0,"ADA","") | H81: =IF('JAM GURU'!BT79>0,"ADA","") | I81: =IF('JAM GURU'!CK79>0,"ADA","") -> ADA

Sheet Sheet1
A1: KELAS | B1: HARI | C1: JAM KE- | D1: WAKTU | E1: MATA PELAJARAN | F1: RUANG | G1: GURU 1 | H1: GURU 2 | I1: GURU 3 | J1: PRODUKTIF | K1: CECEP
A2: X KA 1 | B2: SENIN | C2: 1 | D2: =INDEX(JADWAL!$B$1:$CL$195,5,MATCH(Sheet1!$B2&Sheet1!$C2,JADWAL!$B$1:$CL$1,0)) -> 06.30 - 07.15 | E2: =INDEX(JADWAL!$B$1:$CL$195,MATCH(Sheet1!$A2,JADWAL!$B$1:$B$195,0),MATCH(Sheet1!$B2&Sheet1!$C2,JADWAL!$B$1:$CL$1,0)) -> UPACARA/ | F2: =INDEX(JADWAL!$B$1:$CL$195,MATCH(Sheet1!$A2,JADWAL!$B$1:$B$195,0)+1,MATCH(Sheet1!$B2&Sheet1!$C2,JADWAL!$B$1:$CL$1,0)) -> PERWALIAN | G2: =INDEX(JADWAL!$B$1:$CL$195,MATCH(Sheet1!$A2,JADWAL!$B$1:$B$195,0)+2,MATCH(Sheet1!$B2&Sheet1!$C2,JADWAL!$B$1:$CL$1,0)) -> 0 | H2: =INDEX(JADWAL!$B$1:$CL$195,MATCH(Sheet1!$A2,JADWAL!$B$1:$B$195,0)+3,MATCH(Sheet1!$B2&Sheet1!$C2,JADWAL!$B$1:$CL$1,0)) -> 0 | I2: =INDEX(JADWAL!$B$1:$CL$195,MATCH(Sheet1!$A2,JADWAL!$B$1:$B$195,0)+4,MATCH(Sheet1!$B2&Sheet1!$C2,JADWAL!$B$1:$CL$1,0)) -> 0 | J2: =COUNTIF(G2:I2,K$1) -> 0
A3: X KA 2 | B3: SENIN | C3: 1 | D3: =INDEX(JADWAL!$B$1:$CL$195,5,MATCH(Sheet1!$B3&Sheet1!$C3,JADWAL!$B$1:$CL$1,0)) -> 06.30 - 07.15 | E3: =INDEX(JADWAL!$B$1:$CL$195,MATCH(Sheet1!$A3,JADWAL!$B$1:$B$195,0),MATCH(Sheet1!$B3&Sheet1!$C3,JADWAL!$B$1:$CL$1,0)) -> UPACARA/ | F3: =INDEX(JADWAL!$B$1:$CL$195,MATCH(Sheet1!$A3,JADWAL!$B$1:$B$195,0)+1,MATCH(Sheet1!$B3&Sheet1!$C3,JADWAL!$B$1:$CL$1,0)) -> PERWALIAN | G3: =INDEX(JADWAL!$B$1:$CL$195,MATCH(Sheet1!$A3,JADWAL!$B$1:$B$195,0)+2,MATCH(Sheet1!$B3&Sheet1!$C3,JADWAL!$B$1:$CL$1,0)) -> 0 | H3: =INDEX(JADWAL!$B$1:$CL$195,MATCH(Sheet1!$A3,JADWAL!$B$1:$B$195,0)+3,MATCH(Sheet1!$B3&Sheet1!$C3,JADWAL!$B$1:$CL$1,0)) -> 0 | I3: =INDEX(JADWAL!$B$1:$CL$195,MATCH(Sheet1!$A3,JADWAL!$B$1:$B$195,0)+4,MATCH(Sheet1!$B3&Sheet1!$C3,JADWAL!$B$1:$CL$1,0)) -> 0 | J3: =COUNTIF(G3:I3,K$1) -> 0
A4: X KA 3 | B4: SENIN | C4: 1 | D4: =INDEX(JADWAL!$B$1:$CL$195,5,MATCH(Sheet1!$B4&Sheet1!$C4,JADWAL!$B$1:$CL$1,0)) -> 06.30 - 07.15 | E4: =INDEX(JADWAL!$B$1:$CL$195,MATCH(Sheet1!$A4,JADWAL!$B$1:$B$195,0),MATCH(Sheet1!$B4&Sheet1!$C4,JADWAL!$B$1:$CL$1,0)) -> UPACARA/ | F4: =INDEX(JADWAL!$B$1:$CL$195,MATCH(Sheet1!$A4,JADWAL!$B$1:$B$195,0)+1,MATCH(Sheet1!$B4&Sheet1!$C4,JADWAL!$B$1:$CL$1,0)) -> PERWALIAN | G4: =INDEX(JADWAL!$B$1:$CL$195,MATCH(Sheet1!$A4,JADWAL!$B$1:$B$195,0)+2,MATCH(Sheet1!$B4&Sheet1!$C4,JADWAL!$B$1:$CL$1,0)) -> 0 | H4: =INDEX(JADWAL!$B$1:$CL$195,MATCH(Sheet1!$A4,JADWAL!$B$1:$B$195,0)+3,MATCH(Sheet1!$B4&Sheet1!$C4,JADWAL!$B$1:$CL$1,0)) -> 0 | I4: =INDEX(JADWAL!$B$1:$CL$195,MATCH(Sheet1!$A4,JADWAL!$B$1:$B$195,0)+4,MATCH(Sheet1!$B4&Sheet1!$C4,JADWAL!$B$1:$CL$1,0)) -> 0 | J4: =COUNTIF(G4:I4,K$1) -> 0
A5: X KA 4 | B5: SENIN | C5: 1 | D5: =INDEX(JADWAL!$B$1:$CL$195,5,MATCH(Sheet1!$B5&Sheet1!$C5,JADWAL!$B$1:$CL$1,0)) -> 06.30 - 07.15 | E5: =INDEX(JADWAL!$B$1:$CL$195,MATCH(Sheet1!$A5,JADWAL!$B$1:$B$195,0),MATCH(Sheet1!$B5&Sheet1!$C5,JADWAL!$B$1:$CL$1,0)) -> UPACARA/ | F5: =INDEX(JADWAL!$B$1:$CL$195,MATCH(Sheet1!$A5,JADWAL!$B$1:$B$195,0)+1,MATCH(Sheet1!$B5&Sheet1!$C5,JADWAL!$B$1:$CL$1,0)) -> PERWALIAN | G5: =INDEX(JADWAL!$B$1:$CL$195,MATCH(Sheet1!$A5,JADWAL!$B$1:$B$195,0)+2,MATCH(Sheet1!$B5&Sheet1!$C5,JADWAL!$B$1:$CL$1,0)) -> 0 | H5: =INDEX(JADWAL!$B$1:$CL$195,MATCH(Sheet1!$A5,JADWAL!$B$1:$B$195,0)+3,MATCH(Sheet1!$B5&Sheet1!$C5,JADWAL!$B$1:$CL$1,0)) -> 0 | I5: =INDEX(JADWAL!$B$1:$CL$195,MATCH(Sheet1!$A5,JADWAL!$B$1:$B$195,0)+4,MATCH(Sheet1!$B5&Sheet1!$C5,JADWAL!$B$1:$CL$1,0)) -> 0 | J5: =COUNTIF(G5:I5,K$1) -> 0
A6: X KA 5 | B6: SENIN | C6: 1 | D6: =INDEX(JADWAL!$B$1:$CL$195,5,MATCH(Sheet1!$B6&Sheet1!$C6,JADWAL!$B$1:$CL$1,0)) -> 06.30 - 07.15 | E6: =INDEX(JADWAL!$B$1:$CL$195,MATCH(Sheet1!$A6,JADWAL!$B$1:$B$195,0),MATCH(Sheet1!$B6&Sheet1!$C6,JADWAL!$B$1:$CL$1,0)) -> UPACARA/ | F6: =INDEX(JADWAL!$B$1:$CL$195,MATCH(Sheet1!$A6,JADWAL!$B$1:$B$195,0)+1,MATCH(Sheet1!$B6&Sheet1!$C6,JADWAL!$B$1:$CL$1,0)) -> PERWALIAN | G6: =INDEX(JADWAL!$B$1:$CL$195,MATCH(Sheet1!$A6,JADWAL!$B$1:$B$195,0)+2,MATCH(Sheet1!$B6&Sheet1!$C6,JADWAL!$B$1:$CL$1,0)) -> 0 | H6: =INDEX(JADWAL!$B$1:$CL$195,MATCH(Sheet1!$A6,JADWAL!$B$1:$B$195,0)+3,MATCH(Sheet1!$B6&Sheet1!$C6,JADWAL!$B$1:$CL$1,0)) -> 0 | I6: =INDEX(JADWAL!$B$1:$CL$195,MATCH(Sheet1!$A6,JADWAL!$B$1:$B$195,0)+4,MATCH(Sheet1!$B6&Sheet1!$C6,JADWAL!$B$1:$CL$1,0)) -> 0 | J6: =COUNTIF(G6:I6,K$1) -> 0
A7: X KA 6 | B7: SENIN | C7: 1 | D7: =INDEX(JADWAL!$B$1:$CL$195,5,MATCH(Sheet1!$B7&Sheet1!$C7,JADWAL!$B$1:$CL$1,0)) -> 06.30 - 07.15 | E7: =INDEX(JADWAL!$B$1:$CL$195,MATCH(Sheet1!$A7,JADWAL!$B$1:$B$195,0),MATCH(Sheet1!$B7&Sheet1!$C7,JADWAL!$B$1:$CL$1,0)) -> UPACARA/ | F7: =INDEX(JADWAL!$B$1:$CL$195,MATCH(Sheet1!$A7,JADWAL!$B$1:$B$195,0)+1,MATCH(Sheet1!$B7&Sheet1!$C7,JADWAL!$B$1:$CL$1,0)) -> PERWALIAN | G7: =INDEX(JADWAL!$B$1:$CL$195,MATCH(Sheet1!$A7,JADWAL!$B$1:$B$195,0)+2,MATCH(Sheet1!$B7&Sheet1!$C7,JADWAL!$B$1:$CL$1,0)) -> 0 | H7: =INDEX(JADWAL!$B$1:$CL$195,MATCH(Sheet1!$A7,JADWAL!$B$1:$B$195,0)+3,MATCH(Sheet1!$B7&Sheet1!$C7,JADWAL!$B$1:$CL$1,0)) -> 0 | I7: =INDEX(JADWAL!$B$1:$CL$195,MATCH(Sheet1!$A7,JADWAL!$B$1:$B$195,0)+4,MATCH(Sheet1!$B7&Sheet1!$C7,JADWAL!$B$1:$CL$1,0)) -> 0 | J7: =COUNTIF(G7:I7,K$1) -> 0
A8: XI KA 1 | B8: SENIN | C8: 1 | D8: =INDEX(JADWAL!$B$1:$CL$195,5,MATCH(Sheet1!$B8&Sheet1!$C8,JADWAL!$B$1:$CL$1,0)) -> 06.30 - 07.15 | E8: =INDEX(JADWAL!$B$1:$CL$195,MATCH(Sheet1!$A8,JADWAL!$B$1:$B$195,0),MATCH(Sheet1!$B8&Sheet1!$C8,JADWAL!$B$1:$CL$1,0)) -> UPACARA/ | F8: =INDEX(JADWAL!$B$1:$CL$195,MATCH(Sheet1!$A8,JADWAL!$B$1:$B$195,0)+1,MATCH(Sheet1!$B8&Sheet1!$C8,JADWAL!$B$1:$CL$1,0)) -> PERWALIAN | G8: =INDEX(JADWAL!$B$1:$CL$195,MATCH(Sheet1!$A8,JADWAL!$B$1:$B$195,0)+2,MATCH(Sheet1!$B8&Sheet1!$C8,JADWAL!$B$1:$CL$1,0)) -> 0 | H8: =INDEX(JADWAL!$B$1:$CL$195,MATCH(Sheet1!$A8,JADWAL!$B$1:$B$195,0)+3,MATCH(Sheet1!$B8&Sheet1!$C8,JADWAL!$B$1:$CL$1,0)) -> 0 | I8: =INDEX(JADWAL!$B$1:$CL$195,MATCH(Sheet1!$A8,JADWAL!$B$1:$B$195,0)+4,MATCH(Sheet1!$B8&Sheet1!$C8,JADWAL!$B$1:$CL$1,0)) -> 0 | J8: =COUNTIF(G8:I8,K$1) -> 0
A9: XI KA 2 | B9: SENIN | C9: 1 | D9: =INDEX(JADWAL!$B$1:$CL$195,5,MATCH(Sheet1!$B9&Sheet1!$C9,JADWAL!$B$1:$CL$1,0)) -> 06.30 - 07.15 | E9: =INDEX(JADWAL!$B$1:$CL$195,MATCH(Sheet1!$A9,JADWAL!$B$1:$B$195,0),MATCH(Sheet1!$B9&Sheet1!$C9,JADWAL!$B$1:$CL$1,0)) -> UPACARA/ | F9: =INDEX(JADWAL!$B$1:$CL$195,MATCH(Sheet1!$A9,JADWAL!$B$1:$B$195,0)+1,MATCH(Sheet1!$B9&Sheet1!$C9,JADWAL!$B$1:$CL$1,0)) -> PERWALIAN | G9: =INDEX(JADWAL!$B$1:$CL$195,MATCH(Sheet1!$A9,JADWAL!$B$1:$B$195,0)+2,MATCH(Sheet1!$B9&Sheet1!$C9,JADWAL!$B$1:$CL$1,0)) -> 0 | H9: =INDEX(JADWAL!$B$1:$CL$195,MATCH(Sheet1!$A9,JADWAL!$B$1:$B$195,0)+3,MATCH(Sheet1!$B9&Sheet1!$C9,JADWAL!$B$1:$CL$1,0)) -> 0 | I9: =INDEX(JADWAL!$B$1:$CL$195,MATCH(Sheet1!$A9,JADWAL!$B$1:$B$195,0)+4,MATCH(Sheet1!$B9&Sheet1!$C9,JADWAL!$B$1:$CL$1,0)) -> 0 | J9: =COUNTIF(G9:I9,K$1) -> 0
A10: XI KA 3 | B10: SENIN | C10: 1 | D10: =INDEX(JADWAL!$B$1:$CL$195,5,MATCH(Sheet1!$B10&Sheet1!$C10,JADWAL!$B$1:$CL$1,0)) -> 06.30 - 07.15 | E10: =INDEX(JADWAL!$B$1:$CL$195,MATCH(Sheet1!$A10,JADWAL!$B$1:$B$195,0),MATCH(Sheet1!$B10&Sheet1!$C10,JADWAL!$B$1:$CL$1,0)) -> UPACARA/ | F10: =INDEX(JADWAL!$B$1:$CL$195,MATCH(Sheet1!$A10,JADWAL!$B$1:$B$195,0)+1,MATCH(Sheet1!$B10&Sheet1!$C10,JADWAL!$B$1:$CL$1,0)) -> PERWALIAN | G10: =INDEX(JADWAL!$B$1:$CL$195,MATCH(Sheet1!$A10,JADWAL!$B$1:$B$195,0)+2,MATCH(Sheet1!$B10&Sheet1!$C10,JADWAL!$B$1:$CL$1,0)) -> 0 | H10: =INDEX(JADWAL!$B$1:$CL$195,MATCH(Sheet1!$A10,JADWAL!$B$1:$B$195,0)+3,MATCH(Sheet1!$B10&Sheet1!$C10,JADWAL!$B$1:$CL$1,0)) -> 0 | I10: =INDEX(JADWAL!$B$1:$CL$195,MATCH(Sheet1!$A10,JADWAL!$B$1:$B$195,0)+4,MATCH(Sheet1!$B10&Sheet1!$C10,JADWAL!$B$1:$CL$1,0)) -> 0 | J10: =COUNTIF(G10:I10,K$1) -> 0
A11: XI KA 4 | B11: SENIN | C11: 1 | D11: =INDEX(JADWAL!$B$1:$CL$195,5,MATCH(Sheet1!$B11&Sheet1!$C11,JADWAL!$B$1:$CL$1,0)) -> 06.30 - 07.15 | E11: =INDEX(JADWAL!$B$1:$CL$195,MATCH(Sheet1!$A11,JADWAL!$B$1:$B$195,0),MATCH(Sheet1!$B11&Sheet1!$C11,JADWAL!$B$1:$CL$1,0)) -> UPACARA/ | F11: =INDEX(JADWAL!$B$1:$CL$195,MATCH(Sheet1!$A11,JADWAL!$B$1:$B$195,0)+1,MATCH(Sheet1!$B11&Sheet1!$C11,JADWAL!$B$1:$CL$1,0)) -> PERWALIAN | G11: =INDEX(JADWAL!$B$1:$CL$195,MATCH(Sheet1!$A11,JADWAL!$B$1:$B$195,0)+2,MATCH(Sheet1!$B11&Sheet1!$C11,JADWAL!$B$1:$CL$1,0)) -> 0 | H11: =INDEX(JADWAL!$B$1:$CL$195,MATCH(Sheet1!$A11,JADWAL!$B$1:$B$195,0)+3,MATCH(Sheet1!$B11&Sheet1!$C11,JADWAL!$B$1:$CL$1,0)) -> 0 | I11: =INDEX(JADWAL!$B$1:$CL$195,MATCH(Sheet1!$A11,JADWAL!$B$1:$B$195,0)+4,MATCH(Sheet1!$B11&Sheet1!$C11,JADWAL!$B$1:$CL$1,0)) -> 0 | J11: =COUNTIF(G11:I11,K$1) -> 0
A12: XI KA 5 | B12: SENIN | C12: 1 | D12: =INDEX(JADWAL!$B$1:$CL$195,5,MATCH(Sheet1!$B12&Sheet1!$C12,JADWAL!$B$1:$CL$1,0)) -> 06.30 - 07.15 | E12: =INDEX(JADWAL!$B$1:$CL$195,MATCH(Sheet1!$A12,JADWAL!$B$1:$B$195,0),MATCH(Sheet1!$B12&Sheet1!$C12,JADWAL!$B$1:$CL$1,0)) -> UPACARA/ | F12: =INDEX(JADWAL!$B$1:$CL$195,MATCH(Sheet1!$A12,JADWAL!$B$1:$B$195,0)+1,MATCH(Sheet1!$B12&Sheet1!$C12,JADWAL!$B$1:$CL$1,0)) -> PERWALIAN | G12: =INDEX(JADWAL!$B$1:$CL$195,MATCH(Sheet1!$A12,JADWAL!$B$1:$B$195,0)+2,MATCH(Sheet1!$B12&Sheet1!$C12,JADWAL!$B$1:$CL$1,0)) -> 0 | H12: =INDEX(JADWAL!$B$1:$CL$195,MATCH(Sheet1!$A12,JADWAL!$B$1:$B$195,0)+3,MATCH(Sheet1!$B12&Sheet1!$C12,JADWAL!$B$1:$CL$1,0)) -> 0 | I12: =INDEX(JADWAL!$B$1:$CL$195,MATCH(Sheet1!$A12,JADWAL!$B$1:$B$195,0)+4,MATCH(Sheet1!$B12&Sheet1!$C12,JADWAL!$B$1:$CL$1,0)) -> 0 | J12: =COUNTIF(G12:I12,K$1) -> 0
A13: XI KA 6 | B13: SENIN | C13: 1 | D13: =INDEX(JADWAL!$B$1:$CL$195,5,MATCH(Sheet1!$B13&Sheet1!$C13,JADWAL!$B$1:$CL$1,0)) -> 06.30 - 07.15 | E13: =INDEX(JADWAL!$B$1:$CL$195,MATCH(Sheet1!$A13,JADWAL!$B$1:$B$195,0),MATCH(Sheet1!$B13&Sheet1!$C13,JADWAL!$B$1:$CL$1,0)) -> UPACARA/ | F13: =INDEX(JADWAL!$B$1:$CL$195,MATCH(Sheet1!$A13,JADWAL!$B$1:$B$195,0)+1,MATCH(Sheet1!$B13&Sheet1!$C13,JADWAL!$B$1:$CL$1,0)) -> PERWALIAN | G13: =INDEX(JADWAL!$B$1:$CL$195,MATCH(Sheet1!$A13,JADWAL!$B$1:$B$195,0)+2,MATCH(Sheet1!$B13&Sheet1!$C13,JADWAL!$B$1:$CL$1,0)) -> 0 | H13: =INDEX(JADWAL!$B$1:$CL$195,MATCH(Sheet1!$A13,JADWAL!$B$1:$B$195,0)+3,MATCH(Sheet1!$B13&Sheet1!$C13,JADWAL!$B$1:$CL$1,0)) -> 0 | I13: =INDEX(JADWAL!$B$1:$CL$195,MATCH(Sheet1!$A13,JADWAL!$B$1:$B$195,0)+4,MATCH(Sheet1!$B13&Sheet1!$C13,JADWAL!$B$1:$CL$1,0)) -> 0 | J13: =COUNTIF(G13:I13,K$1) -> 0
... A2341: XII RPL 2 | B2341: JUM'AT | C2341: 12 | D2341: =INDEX(JADWAL!$B$1:$CL$195,5,MATCH(Sheet1!$B2341&Sheet1!$C2341,JADWAL!$B$1:$CL$1,0)) -> 0 | E2341: =INDEX(JADWAL!$B$1:$CL$195,MATCH(Sheet1!$A2341,JADWAL!$B$1:$B$195,0),MATCH(Sheet1!$B2341&Sheet1!$C2341,JADWAL!$B$1:$CL$1,0)) -> 0 | F2341: =INDEX(JADWAL!$B$1:$CL$195,MATCH(Sheet1!$A2341,JADWAL!$B$1:$B$195,0)+1,MATCH(Sheet1!$B2341&Sheet1!$C2341,JADWAL!$B$1:$CL$1,0)) -> 0 | G2341: =INDEX(JADWAL!$B$1:$CL$195,MATCH(Sheet1!$A2341,JADWAL!$B$1:$B$195,0)+2,MATCH(Sheet1!$B2341&Sheet1!$C2341,JADWAL!$B$1:$CL$1,0)) -> 0 | H2341: =INDEX(JADWAL!$B$1:$CL$195,MATCH(Sheet1!$A2341,JADWAL!$B$1:$B$195,0)+3,MATCH(Sheet1!$B2341&Sheet1!$C2341,JADWAL!$B$1:$CL$1,0)) -> 0 | I2341: =INDEX(JADWAL!$B$1:$CL$195,MATCH(Sheet1!$A2341,JADWAL!$B$1:$B$195,0)+4,MATCH(Sheet1!$B2341&Sheet1!$C2341,JADWAL!$B$1:$CL$1,0)) -> 0 | J2341: =COUNTIF(G2341:I2341,K$1) -> 0
